Customer ID,Name,Email Address,Phone,Street,City,Postcode,Country,Date of Birth,Last Updated
A2357588,Nazaret Valcárcel,nazaret.valcárcel68@icloud.com,+34 948 908 7459,Callejón de Marita Herranz 24 Piso 3 ,Madrid,15045,Spain,1974-03-18,2016-03-25 00:47
A7368149,Victor Rubio,victor.rubio762@hotmail.co.uk,+34 926 788 2693,Plaza Chucho Polo 840,Segovia,21503,Spain,1952-02-24,2014-08-12 15:21
A4975920,Karl Miller,karl.miller999@yahoo.com,+44 592 993 8177,2 Brandon Isle,Fosterville,L8E 6AD,United Kingdom,2004-08-05,2011-10-03 21:17
A3275514,Dylan Freeman,dylan.freeman95@hotmail.co.uk,+44 573 936 8900,Studio 6 Wright Walk,Morganfort,HP3 3UQ,United Kingdom,1948-01-21,2013-04-02 21:28
A8458711,Wendy Webb,wendy.webb552@icloud.com,+44 807 181 3909,1 Price Gardens,Lewisside,G7G 1RU,United Kingdom,1960-09-29,2019-07-10 14:38
A8774410,Bethany Graves,bethany.graves783@proton.me,+1 224 077 0635,5807 Mandy Pines Apt. 248,Port Malikland,97035,United States,1956-07-12,2014-03-05 10:51
A9768900,Nigel Lees,nigel.lees740@icloud.com,+44 687 165 3138,Studio 76q Louis Route,Jeremyburgh,S1S 9DF,United Kingdom,1940-07-01,2013-05-03 11:04
A4418011,Lynne Rogers,lynne.rogers317@hotmail.co.uk,+44 686 458 7934,406 Danielle Court,North Amanda,WN4P 0DA,United Kingdom,1971-04-16,2015-07-28 14:00
A4916667,Amber Hill,amber.hill441@web.de,+44 506 904 8172,7 Liam Flat,Jonesview,L79 4UA,United Kingdom,1942-02-13,2021-04-09 23:45
A4588929,Katy Hall,katy.hall748@web.de,+44 951 016 5406,509 Lee Union,Samanthaberg,RG2 4NJ,United Kingdom,1942-07-04,2019-01-21 12:08
A3404212,Naomi Pratt,naomi.pratt132@gmail.com,+44 250 414 9263,2 Thomas River,Franklinview,L8F 5RY,United Kingdom,1940-09-22,2018-08-10 20:54
A9065674,Florina Mateo,florina.mateo255@yahoo.com,+34 617 248 2539,Vial de Adrián Palacios 2,La Rioja,14136,Spain,1949-04-01,2010-11-16 13:42
A7390602,Ben Thomas,ben.thomas305@gmail.com,+44 911 465 9417,Studio 0 Cook Club,North Claire,L63 4TJ,United Kingdom,2005-02-07,2017-07-29 02:17
A1446573,Jonas Jansse,jonas.jansse720@icloud.com,+31 606 459 1834,Karlijnstraat 9,Sint Kruis,1805 OC,Netherlands,1964-11-24,2010-01-27 19:46
A8853478,Wouter Cornelisse,wouter.cornelisse770@outlook.com,+31 333 745 0058,Maximsingel 22,Haalderen,7630 RB,Netherlands,1996-10-26,2012-10-02 02:34
A6188845,Teresa Owens,teresa.owens349@yahoo.com,+44 825 291 2590,28 Lane Curve,North Rossport,W6S 4UW,United Kingdom,1977-05-16,2013-04-25 14:27
A1556141,Elaine Cooper,elaine.cooper462@yahoo.com,+44 667 710 1427,Flat 28 Diana Flats,Austinburgh,KT9 2BX,United Kingdom,1974-02-19,2016-12-11 23:00
A8391183,Geoffrey Lloyd,geoffrey.lloyd17@gmail.com,+44 647 064 9224,4 Griffiths Drives,East Garry,N2F 7AZ,United Kingdom,1943-05-15,2021-01-22 22:18
A1221342,Michael Smith,michael.smith184@proton.me,+44 259 194 8903,Flat 1 Trevor Court,West Bethany,S6 1RF,United Kingdom,1961-05-26,2012-12-03 18:15
A7950400,Terence Rowe,terence.rowe525@proton.me,+44 579 931 3867,758 King Flat,Helenmouth,S93 7JY,United Kingdom,1983-11-11,2019-02-14 20:18
A4632056,Anne Peterson,anne.peterson705@gmail.com,+1 688 401 1190,606 Diaz Neck Apt. 597,Xavierstad,41221,United States,2005-02-07,2016-07-05 13:19
A9223923,Dale McKenzie,dale.mckenzie185@web.de,+44 890 749 9171,Studio 93 Amy Isle,Port Joshtown,E4 0YD,United Kingdom,2005-05-20,2021-05-08 19:13
A4326262,Garrett Vallentine,,5678513233,0966 Sloan Estates Apt. 906,Wrightmouth,31769,United States,1987-01-20,2016-07-20 23:02
A6715545,Paul-Gerhard Eberhardt,paulgerhard.eberhardt505@gmail.com,+49 659 410 8864,Herrmannstr. 47,Forchheim,47359,Germany,1976-05-10,2014-03-31 07:51
A7956513,Pius Neuschäfer,pius.neuschäfer176@hotmail.co.uk,+49 749 885 0763,Trappstraße 5,Staffelstein,86441,Germany,1965-05-28,2015-12-01 11:35
A3458029,Hernán Arteaga,hernán.arteaga860@outlook.com,+34 946 903 1901,Glorieta de Lola Segarra 790,Palencia,33327,Spain,1989-05-15,2021-01-14 13:22
A3757305,Cynthia Täsche,cynthia.täsche328@hotmail.co.uk,+49 965 101 3780,Eigenwilligweg 2-1,Jena,03092,Germany,1986-11-24,2018-04-27 07:45
A9141131,Robin Hill,robin.hill951@hotmail.co.uk,+1 384 257 6588,4096 Murray Corner Apt. 433,South Michael,47260,United States,1996-06-02,2017-08-31 12:47
A2966788,Arthur Hill,arthur.hill251@yahoo.com,+44 639 716 1777,Flat 24F Melanie Ranch,Port Jordanburgh,N01 3PX,United Kingdom,1986-08-17,2020-06-18 18:26
A3424028,Robert Power,robert.power708@web.de,+44 605 975 6416,Flat 21I Caroline Views,Smithfurt,CB5 1RL,United Kingdom,1964-07-20,2016-04-16 08:35
A1365739,Andrew Bates,andrew.bates13@gmail.com,+44 550 354 0189,828 James Inlet,South Junebury,M9 8GZ,United Kingdom,1945-03-17,2013-02-08 13:00
A2134383,Gabriel Ángel,gabriel.ángel559@icloud.com,+34 547 988 3434,Via de Vicente Piñeiro 25 Apt. 64 ,Cantabria,35564,Spain,1987-05-09,2014-07-17 21:28
A9202010,Yvonne Adams,yvonne.adams754@web.de,+44 761 133 0491,775 Jenkins Loaf,Ballburgh,N9W 8YD,United Kingdom,1943-06-01,2011-12-07 14:42
A5420645,Bibi Wolfswinkel,bibi.wolfswinkel266@icloud.com,+31 280 944 7332,Pieterring 538,Kûbaard,1280 ON,Netherlands,1981-09-29,2014-02-09 21:13
A8006480,Luis Fisher,luis.fisher882@web.de,+1 363 144 9449,4121 Davenport Valley Apt. 169,Oneillstad,85695,United States,2005-09-26,2018-08-15 01:55
A8389088,Ben Read,ben.read783@yahoo.com,+44 246 613 3343,52 Jeffrey Ramp,Whiteport,N5H 3XL,United Kingdom,1945-12-18,2010-09-22 05:18
A7610063,Erna Hettner,erna.hettner310@icloud.com,+49 710 363 2904,Zänkergasse 0,Sangerhausen,52512,Germany,1980-06-06,2015-10-20 01:48
A8290423,Paul Ortiz,paul.ortiz181@hotmail.co.uk,+1 427 649 9382,82663 Tiffany Flats Suite 001,Caseyport,50838,United States,1954-10-02,2021-07-13 23:04
A2106897,James Whitehead,james.whitehead960@web.de,+44 380 105 1690,Studio 09 Walker Dale,Kaurfurt,M37 0JA,United Kingdom,1945-05-07,2020-03-20 08:36
A1203047,Marita Landa,,+34 961 945 2173,Via de Purificación Requena 24,Las Palmas,37068,Spain,1997-08-03,2013-08-23 18:14
A9210170,Fenna Greij,fenna.greij801@web.de,+31 948 604 2819,Sethweg 457,IJsselstein,4426WM,Netherlands,1979-06-16,2021-03-13 17:46
A9023568,Tania Porcel,tania.porcel705@gmail.com,+34 561 964 9840,Cuesta de Eloy Duque 33,Almería,47948,Spain,1998-09-23,2019-03-02 10:49
A6798983,Cloe Calzada,cloe.calzada539@gmail.com,+34 580 168 2258,C. Fermín Lastra 425 Piso 7 ,Teruel,19720,Spain,1975-12-13,2014-05-13 22:10
A2431907,Rocío Berrocal,rocío.berrocal782@web.de,+34 713 807 8708,Acceso Francisca Pi 823,Almería,44399,Spain,1969-09-30,2011-11-23 20:42
A2498118,Hans-Walter Haering,hanswalter.haering451@gmail.com,+49 898 132 4304,Aleksander-Striebitz-Straße 84,Soest,86319,Germany,1995-04-28,2019-02-07 10:05
A2048080,Irene Pera,irene.pera686@outlook.com,+34 466 710 1392,Camino Alfredo Franch 7 Apt. 86 ,Cádiz,11361,Spain,1960-03-28,2015-03-02 04:06
A6199658,Colin Hill,colin.hill602@hotmail.co.uk,+44 294 119 0447,Studio 09 Burgess Mews,Daveyville,SR7 4ZG,United Kingdom,1987-11-15,2013-08-21 02:15
A7911920,Anna Roberts,anna.roberts980@gmail.com,+1 585 701 9499,62470 Melanie Crescent Apt. 731,New Mia,27002,United States,1952-06-10,2012-02-08 03:18
A9247919,Joan Hussain,joan.hussain669@outlook.com,+44 881 450 7275,Flat 87O Rogers Court,Lake Jason,LA11 3JQ,United Kingdom,1975-07-21,2018-03-09 00:50
A8170221,Steven Collins,steven.collins563@yahoo.com,+44 671 112 0279,Flat 98 Wright Rest,Webbport,EH3 7SF,United Kingdom,1948-01-18,2017-08-30 03:05
A5581197,Fátima Cuenca,,+34 932 932 4333,Plaza Amaya Aguado 250 Piso 3 ,Palencia,34481,Spain,1996-05-24,2010-05-03 01:43
A5644776,Howard Hardy,,+44 603 532 8687,821 Joseph Ways,Williamschester,W20 5DS,United Kingdom,1988-09-27,2014-03-07 14:53
A4173180,Josh Dale,josh.dale461@outlook.com,+44 782 165 7613,Flat 2 Hamilton Fields,Frankport,KA7 3GQ,United Kingdom,1998-09-22,2019-12-27 21:25
A3528896,Ottokar Henschel,,+49 605 478 0101,Heinz Dieter-Etzold-Gasse 26/13,Meppen,46013,Germany,1938-05-12,2016-11-06 17:35
A1900165,Mariano Roman,mariano.roman959@gmail.com,+34 652 875 5975,Acceso Encarna Múgica 91 Piso 8 ,Cádiz,39876,Spain,1989-09-10,2017-02-19 19:02
A4065895,Mark Lewis,mark.lewis501@hotmail.co.uk,+1 368 089 4583,698 Nelson Unions Suite 648,Port Jasonberg,47338,United States,1958-10-14,2018-08-17 16:56
A8666015,Armida Cáceres,armida.cáceres147@yahoo.com,+34 212 667 6352,Plaza de Ángel Sala 9 Apt. 68 ,Guadalajara,19441,Spain,1963-08-04,2014-12-24 18:09
A1339278,Beatriz Corominas,beatriz.corominas872@proton.me,+34 246 419 6260,Pasadizo Haydée Cárdenas 720,Málaga,18863,Spain,1978-07-08,2010-08-17 06:06
A7793695,Eleanor Hobbs,eleanor.hobbs925@icloud.com,+44 477 130 8180,Flat 66 Gordon Drive,North Mohammadbury,S40 6ZG,United Kingdom,1973-06-10,2020-05-19 17:29
A4884935,Genoveva Guerra,genoveva.guerra482@outlook.com,+34 600 712 1070,Cañada de Nando Ferrández 97,Madrid,50312,Spain,1942-04-24,2019-05-13 17:11
A7510872,Terence Phillips,,+44 987 587 9552,251 Bentley Cove,Leesbury,L6 6WA,United Kingdom,2003-02-01,2017-10-09 09:49
A6877921,Leah Scott,leah.scott560@proton.me,+44 378 570 9523,Studio 19J Rachel Tunnel,Smithhaven,SR0 3XZ,United Kingdom,1985-11-30,2011-07-28 06:03
A1059720,Ullrich Ritter,ullrich.ritter861@web.de,+49 433 616 2200,Rita-Börner-Gasse 5376,Pegnitz,71474,Germany,1987-03-12,2016-08-15 11:52
A6086326,Belinda Adolph,belinda.adolph312@yahoo.com,+49 726 804 3763,Ernst-Otto-Jäkel-Ring 4/9,Flöha,64721,Germany,1967-08-28,2019-02-03 11:08
A3195550,Ravi Bastiaanse,ravi.bastiaanse564@web.de,+31 376 694 3397,Brittdreef 2,Hommerts,6051 FQ,Netherlands,1966-01-28,2010-11-13 03:34
A2359933,Nora Gutknecht,nora.gutknecht825@gmail.com,+49 200 899 1075,Schleichring 597,Griesbach Rottal,28424,Germany,1983-11-07,2014-12-15 00:36
A1690494,Luc Moll,luc.mol182@proton.me,4219631071,Danielstraat 307,Abbenes,2733QV,Netherlands,1981-01-21,2016-05-14 21:00
A6693522,Francesca Henderson,francesca.henderson419@proton.me,+44 452 703 6479,Studio 6 Derek Lights,Port Cheryl,M65 4QP,United Kingdom,1954-10-29,2019-07-16 04:09
A9297651,Kevin Wilkinson,kevin.wilkinson253@outlook.com,+44 406 571 8110,40 Olivia Crescent,Lydiabury,G92 7AP,United Kingdom,1977-01-27,2018-10-10 07:47
A9135183,John Wilkins,john.wilkins624@icloud.com,+1 696 838 7691,561 Moore Expressway,Port Dustin,89366,United States,1950-12-08,2016-12-29 01:48
A9621709,Alison Smith,alison.smith177@gmail.com,+44 922 701 8407,773 Ellie Manors,East Craigton,EN64 6PA,United Kingdom,1994-11-01,2013-10-11 07:22
A3351301,Suze Nus,suze.nus852@proton.me,+31 542 607 2336,Eliassteeg 22,Poortugaal,9797 JB,Netherlands,1988-07-07,2019-04-23 06:38
A4712888,Jolie Duivenvoorden,jolie.duivenvoorden300@gmail.com,+31 483 004 9019,Catoring 94,Loënga,5616CN,Netherlands,1993-06-01,2013-08-17 12:01
A8745327,Grace Pearce,grace.pearce40@icloud.com,+44 581 144 5122,Flat 58J Holden Radial,New Saramouth,LE99 4LT,United Kingdom,1938-10-06,2017-12-16 08:13
A5874619,Amanda Rice,amanda.rice852@yahoo.com,+1 798 221 1188,949 Michael Terrace Apt. 671,South Corey,13492,United States,1964-10-01,2010-05-14 08:50
A8304064,Sabrina Bien,sabrina.bien302@gmail.com,+49 712 853 8398,Wanda-Johann-Platz 82/28,Celle,28873,Germany,1977-02-17,2012-12-29 23:53
A2921262,Hildegunde Hübel,hildegunde.hübel751@web.de,+49 767 782 1033,Möchlichenweg 3,Lüdinghausen,42565,Germany,1983-07-30,2016-03-04 14:12
A5021023,Ellie Shah,ellie.shah662@yahoo.com,+44 276 386 2325,540 Stone Branch,Bakerberg,PO76 7YP,United Kingdom,1973-12-12,2018-11-05 01:27
A3754906,Luke Reede,luke.reede675@hotmail.co.uk,+31 512 667 6552,Cornelislaan 3,Katlijk,8496 WI,Netherlands,1976-11-02,2019-03-21 13:45
A6390147,Ronald Sexton,ronald.sexton864@web.de,+1 377 414 1981,65237 Martinez Branch,Ashleyview,23308,United States,1958-07-14,2021-10-11 14:15
A3785570,Espiridión Larrañaga,,+34 728 752 5099,Vial Carmen Pérez 483,Álava,26628,Spain,1995-09-23,2010-12-15 12:39
A4064322,Cirino Hierro,cirino.hierro967@yahoo.com,+34 487 410 0604,Pasaje de Loreto Tomé 503 Piso 5 ,Teruel,23546,Spain,1967-07-26,2017-11-25 06:43
A7962215,Roque Torrens,roque.torrens349@gmail.com,+34 407 988 0305,Vial Nieves Cisneros 2 Apt. 38 ,Guadalajara,28792,Spain,1938-03-09,2012-08-12 12:30
A4184392,Louise Turner,louise.turner976@proton.me,+44 806 246 0709,Flat 7 Richards Island,South Allan,G6 4JJ,United Kingdom,1957-01-05,2019-08-06 19:28
A8908740,Tiffany Myers,tiffany.myers742@icloud.com,+1 260 601 9176,9528 Joseph Plains Apt. 643,Katherineborough,58243,United States,1966-09-19,2019-01-18 23:38
A8161110,Michelle Bailey,michelle.bailey630@proton.me,+44 728 762 9616,Flat 8 Rebecca Estate,Ryanmouth,M5 8GX,United Kingdom,1940-08-27,2016-08-21 19:18
A1727066,Katie Wong,katie.wong995@outlook.com,+1 867 375 8238,365 Sarah Hills,Waltertown,16279,United States,1993-11-01,2010-04-25 22:53
A6388206,Francesca Griffin,francesca.griffin99@proton.me,+44 336 203 5251,776 Frederick Forks,Charleneport,BN91 0ZE,United Kingdom,1997-08-16,2012-05-12 14:14
A7386239,Amanda Austin,amanda.austin40@hotmail.co.uk,+1 967 685 1417,93864 Jacob Walks Suite 179,Lake Stanleyland,34993,United States,1966-08-01,2011-03-20 20:45
A5602513,Maristela Madrigal,maristela.madrigal476@outlook.com,+34 258 940 6273,Paseo Marta Mercader 592 Piso 6 ,Zamora,41084,Spain,1939-09-03,2016-06-07 09:27
A2386084,Christian Morrison,christian.morrison107@proton.me,+1 331 656 4640,898 Ortega Rapid Apt. 886,Lake Michael,01738,United States,1991-12-29,2015-09-23 10:24
A1623362,Elizabeth Fox,elizabeth.fox506@yahoo.com,+44 538 471 3430,853 Lesley Curve,Port Neilhaven,M3 6EZ,United Kingdom,1993-12-09,2015-01-17 03:03
A2985374,Timothy Dennis,timothy.dennis519@web.de,+44 269 102 7255,Studio 40E Allen Trace,Guyville,IM2 2SJ,United Kingdom,2003-05-07,2017-02-26 07:50
A1736509,Martin Pope,martin.pope241@icloud.com,+44 292 056 2275,Flat 60 Francis Summit,West Olivia,W0H 5ZB,United Kingdom,1977-02-15,2010-02-11 06:28
A4673958,Adrian Chapman,adrian.chapman503@web.de,+44 968 091 6629,Flat 31r Stacey Neck,Jonesburgh,B32 9BF,United Kingdom,1989-03-25,2014-02-11 19:10
A1065086,Josephine Dean,josephine.dean909@web.de,+44 605 134 0756,389 Dixon Prairie,Dannyberg,S74 0DP,United Kingdom,1977-08-16,2019-09-12 02:48
A6263467,Barbara Smith,barbara.smith252@web.de,+44 502 262 0891,8 Page Manors,South Ryanstad,N2 1XJ,United Kingdom,1969-10-31,2020-10-20 05:19
A6364802,Katie Barber,katie.barber153@gmail.com,+44 549 721 9388,90 Ahmed Ridge,Jonesbury,CB6P 4FF,United Kingdom,1993-09-08,2016-11-16 09:43
A6883126,Bartolomé Garcia,bartolomé.garcia468@gmail.com,+34 483 461 5125,Camino de Isabel Santiago 38,Cáceres,51078,Spain,1977-09-11,2019-02-19 17:59
A7343692,Brett Thomas,brett.thomas751@yahoo.com,+44 488 137 1261,57 Miller Mill,West Heatherberg,B03 6RA,United Kingdom,1979-01-04,2020-06-13 21:12
A8053064,Elin Estey,elin.estey664@icloud.com,+31 287 391 7970,Borisweg 9,Beerzerveld,6249QV,Netherlands,1994-07-17,2019-03-20 00:26
A6064651,Benjamin Pollard,,+44 542 183 9099,077 Ellie Plaza,Arnoldside,L37 5XE,United Kingdom,1942-07-02,2016-07-16 17:37
A5543532,Ralf-Dieter Caspar,ralfdieter.caspar73@icloud.com,+49 933 009 9352,Haasering 38-85,Göppingen,93227,Germany,1989-06-17,2017-09-17 03:34
A9180103,Adelbert Fliegner,adelbert.fliegner59@web.de,+49 236 266 4924,Karl-Heinrich-Rose-Gasse 67-31,Calau,53826,Germany,1973-07-03,2012-09-15 12:41
A6155698,Micha Vermeulen,micha.vermeulen339@hotmail.co.uk,+31 319 480 2949,Angelinahof 3,Giethmen,7331KY,Netherlands,1978-06-28,2011-02-12 04:28
A4660320,Lisbeth Winkler,lisbeth.winkler938@gmail.com,+49 679 787 1423,Eimerring 407,Schweinfurt,57763,Germany,1940-08-16,2015-10-31 05:59
A5030190,Mette David,mette.david811@gmail.com,+31 666 780 7893,Liviaweg 54,Wierum,6943RS,Netherlands,1954-08-02,2012-03-05 10:23
A4428905,Felisa Galindo,felisa.galindo214@web.de,+34 497 238 4172,Urbanización de Yago Pou 28 Puerta 0 ,Almería,10844,Spain,1981-11-30,2012-07-20 17:00
A6930719,Anneliese Börner,anneliese.börner522@outlook.com,+49 211 985 6109,Krzysztof-Römer-Straße 938,Lübben,17593,Germany,1942-10-07,2018-05-24 23:50
A3863797,Torben Klapp,torben.klapp355@hotmail.co.uk,+49 558 729 4853,Seifertstr. 8-2,Bergzabern,64052,Germany,1990-05-22,2011-06-16 21:31
A4477842,Jodie Hall,jodie.hall169@icloud.com,+44 567 307 4710,Flat 53 Cox Dale,South Frances,CA3 4FE,United Kingdom,1952-03-24,2012-03-09 16:48
A5624229,Elizabeth Miller,elizabeth.miller390@gmail.com,+1 558 171 3170,038 Allen Circles,North Larry,21097,United States,1999-11-16,2019-07-08 17:32
A1839374,Amanda Torres,amanda.torres800@yahoo.com,+1 407 475 0842,37052 David Crossroad,West Roy,17874,United States,1954-01-06,2011-09-07 23:49
A5819144,Kevin Luinenburg,kevin.luinenburg62@gmail.com,+31 375 403 3520,Niekboulevard 3,Ferwert,3036 IE,Netherlands,1964-05-07,2020-03-25 23:43
A2679141,Yfke Arnsberg,yfke.arnsberg665@outlook.com,+31 481 549 6633,Finnboulevard 460,Sintjohannesga,2522 KL,Netherlands,1981-11-10,2021-05-06 06:24
A7086558,Anny Gierschner,anny.gierschner19@outlook.com,+49 427 533 4687,Jungfergasse 8,Seelow,41740,Germany,1986-03-18,2020-08-28 20:15
A6249958,Waldemar Wulff,waldemar.wulff161@yahoo.com,+49 618 227 0086,Dowergstr. 36-69,Schongau,41140,Germany,1958-10-29,2017-05-08 06:54
A5304886,Brett Edwards,brett.edwards728@gmail.com,+44 387 454 6496,45 Guy Roads,Kaurbury,L4D 2NT,United Kingdom,1968-05-06,2016-10-15 07:16
A1584078,Harriet Joyce,harriet.joyce310@proton.me,+44 867 292 8059,Flat 11E Raymond Vista,Jeremyside,G6S 2WR,United Kingdom,1937-10-11,2019-09-03 10:26
A3462132,Gerard Singh,gerard.singh350@proton.me,+44 706 220 7850,300 Rowe Island,South Francesca,HA2N 5DD,United Kingdom,1977-09-07,2011-04-14 10:50
A8806375,Daniela Schmidtke,daniela.schmidtke883@yahoo.com,+49 283 541 3042,Bruderweg 57/87,Hechingen,02771,Germany,1992-09-28,2021-09-11 01:44
A5177702,Branka Bolzmann,branka.bolzmann780@gmail.com,+49 831 785 2915,Jacobgasse 43-34,Pinneberg,18152,Germany,1990-10-18,2010-06-29 14:24
A7756531,Lynda Williams,lynda.williams916@outlook.com,+44 995 681 9634,6 Phillips Prairie,Bruceside,B1F 5PD,United Kingdom,1999-04-21,2010-06-06 06:39
A7402696,Suze Vermandois,suze.vermandois514@hotmail.co.uk,+31 701 383 2489,Frederiqueweg 548,Zelhem,1189MC,Netherlands,1936-09-17,2021-04-04 03:31
A9558897,David Watson,david.watson382@gmail.com,+1 959 440 8123,2134 Harmon Pike,Rogerschester,80324,United States,1990-02-06,2011-03-11 04:41
A2541739,Marcus Hall,marcus.hall154@icloud.com,+44 318 970 6080,332 Davies Alley,East Kim,YO4 0ZS,United Kingdom,1941-02-28,2013-12-11 20:53
A8374983,Matthew Horton,matthew.horton678@icloud.com,+44 668 635 5343,8 Kim Drive,Marieland,W9K 2DD,United Kingdom,1944-10-29,2020-01-16 09:41
A9226395,Frank Davies,frank.davies140@web.de,+44 763 170 3970,200 Rebecca Track,Skinnermouth,BT7N 1PF,United Kingdom,1977-03-27,2019-12-22 03:17
A4700734,Jake King,jake.king402@web.de,+44 878 404 7500,Flat 20 Hale Extensions,East Ericstad,WS1 6JD,United Kingdom,1997-03-13,2016-11-11 02:58
A8862439,Olivia Carpenter,olivia.carpenter130@outlook.com,+44 437 729 4877,Studio 19 Michael Drives,East Kateland,DE5 8TU,United Kingdom,1960-05-05,2016-11-04 10:17
A1342611,Zoe Burke,zoe.burke499@proton.me,+1 944 330 7243,5167 Bennett Fall Suite 724,Herringshire,51435,United States,1948-06-04,2018-07-01 03:32
A2688641,Louise Warrn,,+44 547 255 0338,Flat 71 Adam Locks,Darrentown,S89 8EX,United Kingdom,1989-07-29,2010-09-03 02:24
A2942891,Megan Stewart,megan.stewart577@proton.me,+1 288 965 2639,40861 Donald Via Apt. 039,Port Patricia,94245,United States,1969-08-10,2012-10-16 17:58
A6177056,Linda Lyons,linda.lyons173@hotmail.co.uk,+44 619 887 0415,5 Moore Port,Fraserport,B49 0NE,United Kingdom,1940-06-03,2020-09-09 23:33
A7454453,Tadeo Fiol,tadeo.fiol654@gmail.com,+34 808 642 7207,Pasaje Brunilda Artigas 95,Lleida,34602,Spain,1937-03-10,2014-09-08 06:05
A2096718,Lucy Lewis,lucy.lewis491@web.de,+44 430 900 5615,86 Holland Freeway,Tinastad,G7D 6ZN,United Kingdom,1994-02-26,2017-04-23 03:45
A7661256,Alexis Freeman,alexis.freeman111@gmail.com,+1 638 860 4138,54502 Franco Trail Apt. 645,New Erikafort,54915,United States,2002-08-04,2014-04-06 18:55
A4995868,Cameron Evans,cameron.evans698@hotmail.co.uk,+44 326 144 6642,431 Susan Mountain,Lake Oliverfort,EC6N 3RY,United Kingdom,1966-08-23,2018-11-25 16:50
A1042508,Tijn Embden,tijn.embden24@web.de,+31 270 372 4549,Thijmenring 94,1e Exloërmond,4576JN,Netherlands,2004-02-02,2013-11-01 01:14
A1465140,Lupe Toro,lupe.toro475@hotmail.co.uk,+34 391 361 6452,Vial de María Del Carmen Ocaña 718,Huesca,38894,Spain,1941-11-14,2017-05-31 04:24
A3153400,Alwine Kaul,alwine.kaul819@gmail.com,+49 506 290 6364,Koch IIring 9546,Ilmenau,85346,Germany,1948-10-24,2015-12-20 16:40
A1750313,Eric Allen,,+1 521 445 1667,836 Hernandez Roads Apt. 181,Alvaradoside,47924,United States,1956-09-09,2010-05-17 11:05
A2012331,Tiffany Wilson,tiffany.wilson88@icloud.com,+1 923 925 3860,317 Brewer Forest,Brandonborough,92226,United States,1983-09-10,2020-11-04 18:48
A4309256,Óscar Mendez,óscar.mendez761@yahoo.com,+34 779 216 3230,Callejón Marcio Zabaleta 429 Puerta 5 ,Madrid,47091,Spain,1949-09-02,2011-01-14 00:08
A5292929,Salih Niemeier,salih.niemeier340@icloud.com,+49 228 561 7310,Olga-Kade-Allee 85-65,Saarbrücken,55741,Germany,1965-04-08,2010-07-07 20:58
A5851644,Liam Russell,liam.russell117@outlook.com,+44 741 448 5687,Studio 5 Hunt Circles,Whitechester,G1 9XX,United Kingdom,1958-09-11,2016-03-19 00:10
A1603832,Pía Tenorio,pía.tenorio868@hotmail.co.uk,+34 328 123 7535,Calle Leandro Canals 61 Piso 9 ,Córdoba,25425,Spain,1979-04-02,2011-08-13 05:00
A3335035,Irene Hall,irene.hall114@outlook.com,+44 357 491 1415,8 Charlene Lights,South Dannyshire,G0 1TD,United Kingdom,1976-01-22,2018-02-23 16:53
A3320964,Jessica Caspar,,+49 898 873 6950,Warmerallee 52/26,Backnang,22331,Germany,1982-03-31,2016-03-26 00:20
A5145520,Karl Williams,karl.williams937@gmail.com,+44 660 939 0855,99 Davies Tunnel,North Jill,E0 3ZN,United Kingdom,1936-11-23,2020-10-17 20:59
A1193137,Catherine Roberts,catherine.roberts407@web.de,+44 939 720 9827,246 Alexandra Cliff,New Abigailville,PH1 1LB,United Kingdom,1961-04-06,2021-06-17 06:12
A2979010,Horst Buchholz,horst.buchholz266@gmail.com,+49 408 499 8074,Franziska-Junk-Weg 8,Perleberg,67739,Germany,1960-09-08,2019-03-10 00:36
A1631405,Shane Wilson,shane.wilson135@yahoo.com,+44 332 301 4190,Flat 64 Burns Lakes,Hutchinsonfurt,YO7R 4XS,United Kingdom,1963-08-27,2019-05-06 22:02
A1386938,Ashleigh Ali,ashleigh.ali504@web.de,+44 474 384 2280,Studio 3 Armstrong Union,Jonathanhaven,DG57 7PH,United Kingdom,1987-04-20,2016-12-15 03:54
A7270572,Grace Carey,grace.carey605@yahoo.com,+44 629 152 0717,066 Griffiths Walk,Smithmouth,SW5 8UJ,United Kingdom,1954-08-17,2015-11-09 11:02
A3449112,Marcus Edwards,marcus.edwards285@proton.me,+44 577 828 4789,Studio 1 Johnson Grove,Rosieburgh,CA67 8UB,United Kingdom,1974-11-22,2012-09-01 12:31
A2558654,Lilian Jockel,lilian.jockel814@yahoo.com,+49 703 708 5331,Giuseppe-Förster-Straße 691,Schwerin,97587,Germany,1960-09-11,2020-12-09 18:56
A5846468,Gaspar Durán,gaspar.durán522@gmail.com,+34 604 821 6175,Paseo de Nazario Alba 563,Lugo,08773,Spain,1949-08-14,2021-06-23 22:58
A3783305,Werner Wulff,werner.wulff604@yahoo.com,+49 451 548 2748,Kamil-Christoph-Straße 565,Kitzingen,24050,Germany,1946-06-27,2021-10-04 04:55
A1763002,Robert Dunn,robert.dunn689@hotmail.co.uk,+44 487 526 0518,046 Burton Orchard,South Bruce,W3 9DY,United Kingdom,1939-09-20,2021-05-31 02:07
A3954863,Joy Barry,,+1 281 026 7831,84075 Johns Stravenue Apt. 700,Lake Michaelstad,23511,United States,1955-07-13,2021-03-06 11:32
A5214619,Lynne Matthews,lynne.matthews820@icloud.com,+44 555 885 5561,Studio 70N Gerald Manor,New Marianburgh,EX6E 5PE,United Kingdom,1966-01-10,2020-09-17 17:07
A2077949,Mark Fowler,mark.fowler143@gmail.com,+1 562 628 9000,208 Robert Spur,East Antonio,05848,United States,1978-09-25,2015-03-02 07:43
A2750824,Amanda Osborne,amanda.osborne155@outlook.com,+1 614 355 0142,60993 Nixon Highway,Gillespiestad,14665,United States,1974-02-13,2014-09-27 11:24
A4976743,Marc Douglas,marc.douglas586@proton.me,+44 923 452 1826,Studio 78x Carole Islands,North Stephen,N9 0YE,United Kingdom,1962-05-19,2014-11-06 03:45
A3699714,Babett Fröhlich,babett.fröhlich363@icloud.com,+49 917 927 4911,Karl-Stroh-Straße 78,Tirschenreuth,00667,Germany,1998-02-11,2020-12-06 16:25
A2893566,Mark Hendricks,mark.hendricks983@hotmail.co.uk,+1 574 321 8799,2601 Tanya Cove,Gregoryside,67448,United States,1966-02-08,2017-07-15 18:26
A7868284,Zachary Roberts,zachary.roberts507@web.de,+1 865 796 6830,22659 Montgomery Summit Apt. 459,East Nancy,55585,United States,1936-01-03,2012-01-30 22:47
A8085669,Milo Zijl,milo.zijl460@yahoo.com,+31 680 222 4706,Duuklaan 86,Oudehorne,7263SZ,Netherlands,1950-03-28,2018-01-11 13:34
A4846265,James Mason,james.mason632@gmail.com,+1 862 128 9848,376 Phyllis Views Suite 047,Port Elizabeth,63089,United States,1943-04-29,2010-06-24 10:38
A5687128,Lorraine Wilson,lorraine.wilson686@gmail.com,+44 537 482 5218,94 Pauline Canyon,Aimeeport,CW00 7RY,United Kingdom,2003-02-20,2016-04-13 04:00
A4133874,Sandra Robertson,sandra.robertson74@web.de,+44 799 088 6105,08 Williams Square,Rogersbury,N4 9YX,United Kingdom,1962-03-02,2011-06-11 15:29
A2093143,Yolanda Cabrera,yolanda.cabrera18@icloud.com,+34 473 205 2397,Avenida Marta Luque 531 Apt. 25 ,Santa Cruz de Tenerife,21474,Spain,1953-02-28,2020-01-26 18:07
A7651537,Beth Fuentes,beth.fuentes940@icloud.com,+1 777 915 4623,66174 Patricia Ways Apt. 198,South Kristen,29074,United States,1951-02-23,2011-12-15 07:29
A4844427,Dylan Velde,dylan.velde32@proton.me,+31 910 263 3970,Joliestraat 2,Ruurlo,2926JN,Netherlands,1999-10-12,2011-12-29 21:15
A4518376,Halina Loos,halina.loos436@outlook.com,+49 856 084 9963,Miroslawa-Dussen van-Gasse 2-6,Lübz,97338,Germany,1952-07-17,2013-12-15 22:53
A8547508,Max Wood,max.wood254@hotmail.co.uk,+44 262 126 6393,Studio 66 Martin Neck,Birdville,AB91 3XP,United Kingdom,1954-04-11,2010-11-26 08:07
A5371078,Sian Woodward,sian.woodward598@yahoo.com,+44 870 614 9293,Studio 7 Elizabeth River,North Wayne,DH2 9HG,United Kingdom,1938-09-14,2011-01-12 04:05
A5317429,Benjamín Bautista,benjamín.bautista336@icloud.com,+34 522 145 6961,Plaza Amparo Silva 772,Huesca,49017,Spain,1976-07-28,2021-03-17 14:25
A7569940,Hans-Hinrich Gorlitz,hanshinrich.gorlitz219@proton.me,+49 809 917 8045,Losekannring 1/3,Aachen,18409,Germany,1992-04-11,2013-07-20 04:39
A1035315,Kimberly Feeman,,+1 552 186 7167,90753 Connor Ville,Kirbyside,89920,United States,1977-11-30,2021-12-13 15:11
A8695152,Bart Koning,bart.koning237@proton.me,+31 929 002 0330,Jesperhof 756,Kropswolde,2877 HQ,Netherlands,1937-08-17,2017-07-16 09:46
A5546545,Jeremy Morris,jeremy.morris681@hotmail.co.uk,+1 350 495 8502,30079 Kim Rapid,West Scottville,14173,United States,2000-10-05,2012-10-13 09:08
A5993180,Amanda Smith,amanda.smith808@icloud.com,+44 997 193 5265,Studio 41 Callum Orchard,Natashachester,CT2 6AQ,United Kingdom,1949-12-04,2021-08-12 02:31
A7175831,Susan David,susan.david630@web.de,+1 961 824 3102,88120 Oconnell Alley,Leeton,64627,United States,1940-01-27,2010-03-25 08:51
A2500387,Jane Dale,jane.dale149@yahoo.com,+44 342 012 2938,Flat 95l Wayne Viaduct,Bethanfort,BS20 3UQ,United Kingdom,1994-06-04,2018-03-07 17:59
A7253227,Mohammad Morgan,mohammad.morgan911@web.de,+44 952 381 9143,0 Hazel Lodge,East Stewart,ST9W 6DD,United Kingdom,1937-06-20,2011-04-08 23:31
A7908260,Olivia Carr,olivia.carr906@icloud.com,+1 680 043 5514,733 Benjamin Green,Lake Jacob,87409,United States,2002-07-18,2019-08-10 16:47
A6863277,Anne Hanson,anne.hanson343@icloud.com,+1 291 499 4647,277 Higgins Courts Apt. 885,New Stephenbury,74220,United States,1996-11-07,2010-09-21 21:58
A6060638,Brittany Hall,brittany.hall317@gmail.com,+1 489 841 1359,7774 Walker Lodge Suite 900,Matthewside,10425,United States,1940-09-12,2019-05-11 09:29
A1378662,Thomas Schuijt,thomas.schuijt833@icloud.com,+31 716 109 6019,Sarahof 4,Badhoevedorp,3384GH,Netherlands,1981-04-03,2014-07-14 10:19
A7743136,Lisa Begum,lisa.begum167@outlook.com,+44 346 441 0834,Studio 5 Abbie Forge,Parrybury,E2 8AS,United Kingdom,1989-07-16,2012-07-17 17:37
A4845595,Romana Fechner,romana.fechner846@icloud.com,+49 535 543 6658,Wulffallee 6990,Gießen,77518,Germany,1959-09-22,2010-07-10 13:36
A5554324,Luis Cuadrado,luis.cuadrado401@gmail.com,+34 546 676 7779,Acceso de Alex Vallejo 80,Vizcaya,35637,Spain,1957-03-15,2020-09-27 01:08
A6158823,Sol Iniesta,sol.iniesta406@hotmail.co.uk,+34 902 760 1965,Rambla de Desiderio Alcolea 834 Puerta 2 ,La Coruña,50572,Spain,1961-12-31,2015-03-03 23:24
A2610973,Sally Archer,sally.archer793@outlook.com,+44 554 974 0248,Flat 6 Shirley Locks,Cliffordland,W40 8LU,United Kingdom,1940-06-18,2020-12-12 21:39
A1273294,Lorraine Thomas,lorraine.thomas734@hotmail.co.uk,+44 908 008 7829,729 Carr Mill,Begumville,IP1H 0RG,United Kingdom,1947-03-13,2014-08-06 10:55
A1139455,Nicole Harris,,+44 774 504 4082,Studio 57 Bentley Mall,Powellfurt,SR9 0WW,United Kingdom,1976-08-04,2015-12-15 08:11
A2319310,Therese Heinrich,therese.heinrich905@icloud.com,+49 380 470 7144,Heiner-Schäfer-Platz 11/88,Gerolzhofen,10400,Germany,1998-05-20,2012-03-17 21:42
A2609633,Ashleigh Porter,ashleigh.porter764@gmail.com,+44 526 367 6478,Studio 2 Hale Common,East Joestad,G1 7RD,United Kingdom,1945-10-27,2019-01-14 20:29
A3376860,Michael Cordova,michael.cordova395@web.de,+1 218 577 6986,3661 Leslie Extensions Suite 081,Joseland,56505,United States,1953-02-25,2020-02-01 19:52
A8040204,Josh Baker,josh.baker814@proton.me,+44 585 792 7386,632 Michael Valleys,New Francesca,NW4 1UW,United Kingdom,2001-10-27,2021-04-21 07:27
A3021871,Gordon Ehlert,gordon.ehlert168@hotmail.co.uk,+49 835 427 7328,Theodora-Fliegner-Weg 64,Neubrandenburg,04766,Germany,1988-07-05,2019-01-29 19:04
A1638872,Logan Atkinson,logan.atkinson743@icloud.com,+1 507 087 1200,46347 Weiss Inlet Suite 354,Lake Virginia,31436,United States,1960-05-20,2016-12-02 19:24
A7766060,Kevin Parker,kevin.parker112@hotmail.co.uk,+1 716 170 5298,375 Thomas Plaza,Smithstad,95526,United States,1994-02-28,2012-09-02 11:36
A8507306,Francesca Bell,francesca.bell732@hotmail.co.uk,+44 676 041 2120,Studio 72 Patrick Mount,Khanchester,LL2Y 7XL,United Kingdom,1958-12-03,2020-07-16 07:54
A6931723,Loreto Prada,loreto.prada201@web.de,+34 876 166 5497,Paseo Martina Muñoz 254,Tarragona,20363,Spain,1990-04-27,2010-10-16 23:03
A7254076,Araceli Mercader,araceli.mercader489@outlook.com,+34 667 545 0585,Cañada de Gerardo Sobrino 85,Teruel,19034,Spain,2005-11-01,2016-10-20 03:27
A5404924,Dominic McDonald,dominic.mcdonald912@yahoo.com,+44 260 140 5475,Flat 80i Briggs Coves,South Barbarabury,M59 9SZ,United Kingdom,1965-03-01,2015-04-16 21:28
A2532876,Bradley Watson,bradley.watson162@hotmail.co.uk,+44 409 381 2133,Flat 54C Steven Greens,Townsendhaven,DG60 3NZ,United Kingdom,1942-01-08,2017-10-28 05:11
A9276250,Ryan Booker,ryan.booker467@icloud.com,+1 897 482 8220,305 Howard Brooks,West Amy,96980,United States,1943-11-29,2014-11-08 02:25
A7417734,Olivia Edwards,olivia.edwards891@yahoo.com,+44 581 337 5368,2 Thomas Squares,Tobychester,B5S 6TZ,United Kingdom,1951-01-01,2012-07-16 06:12
A6837751,Antony Chandler,antony.chandler15@web.de,+44 919 304 2636,839 Rowe Drive,East Sarah,S96 2UZ,United Kingdom,1982-12-06,2021-03-13 11:47
A7740081,Callum Simpson,callum.simpson820@hotmail.co.uk,+44 282 499 8847,Studio 0 Macdonald Islands,South Christinefort,B3 5QN,United Kingdom,1996-02-28,2012-10-14 06:04
A9046194,Martyn Metcalfe,martyn.metcalfe771@web.de,+44 202 972 5651,Studio 78 Russell Isle,Hughesborough,GL5Y 7ZJ,United Kingdom,1997-06-22,2013-06-12 06:22
A2195290,Corey Torres,corey.torres5@gmail.com,+1 305 132 8078,22906 Montgomery Haven Apt. 632,Julieshire,08171,United States,1945-12-31,2014-10-13 12:04
A6432868,Steven Schmidtke,steven.schmidtke117@gmail.com,+49 644 527 9667,Annemarie-Rogge-Ring 1313,Demmin,88776,Germany,1988-08-12,2018-03-11 15:32
A6439798,Steven Blake,steven.blake501@proton.me,+44 278 169 4669,4 Turner Court,Mohamedhaven,N9 0PN,United Kingdom,1988-12-25,2010-08-17 18:25
A3279959,Sharon Wilson,sharon.wilson415@web.de,+1 840 148 0443,56285 Stevens Plaza,Danielbury,39988,United States,1959-01-21,2016-12-27 00:46
A7748662,Darlene Turner,darlene.turner225@yahoo.com,+1 913 247 5651,48524 John Branch Apt. 597,East Ann,29435,United States,1951-12-12,2013-12-30 17:37
A8105635,Carrie Harris,carrie.harris495@web.de,+1 874 490 6218,465 Brian Crest,North Jacqueline,59461,United States,1975-02-02,2016-12-06 11:52
A9023387,Jake Hall,jake.hall909@icloud.com,+44 970 371 2552,Flat 48t Chandler Falls,Elliotthaven,CO14 1LN,United Kingdom,1999-06-07,2021-06-09 05:24
A3933344,Ruth Moya,,+34 821 025 2074,Avenida Cristian Galan 54 Puerta 9 ,Soria,42750,Spain,1960-12-13,2012-04-19 13:51
A7378708,Marcus Turnbull,marcus.turnbull17@gmail.com,+44 997 414 3273,Studio 01c Brown Groves,Geoffreyfort,BB53 7AR,United Kingdom,1946-08-14,2011-10-01 16:21
A1361010,Amelia Dirksen,amelia.dirksen361@web.de,+31 910 544 9377,Elizaweg 78,Tjalhuizum,4826 MA,Netherlands,1978-11-27,2017-04-10 09:38
A5324626,Pauline Robinson,pauline.robinson596@icloud.com,+44 630 095 8068,53 Tom Mill,Royville,N1K 7RH,United Kingdom,1954-09-01,2014-03-15 12:21
A8292830,Reece Ellis,reece.ellis18@web.de,+44 420 445 4418,Flat 8 Lawrence Street,West Harrystad,B3 5XJ,United Kingdom,1966-12-30,2011-12-24 21:44
A9070279,Matthew Nicholson,matthew.nicholson767@gmail.com,+44 439 147 6730,Flat 5 Beth Camp,South Diane,AB9H 8UL,United Kingdom,1976-08-21,2020-08-16 04:41
A1863218,Francisco Reig,,+34 684 821 8910,Glorieta de Edgardo Criado 79 Apt. 77 ,Cádiz,13556,Spain,1976-10-13,2010-05-01 00:54
A2772503,Patrick Johnston,patrick.johnston660@gmail.com,+44 471 017 8091,Studio 70 Burton Circles,East Carlyhaven,W9W 4NF,United Kingdom,1982-03-02,2014-11-27 18:48
A4089678,Sandra Stolze,sandra.stolze933@outlook.com,+49 273 900 1875,Maik-Stiebitz-Allee 89/97,Düren,36348,Germany,1954-08-12,2020-10-02 05:29
A5780238,Evi Bruijn,evi.bruijn705@hotmail.co.uk,+31 913 469 9056,Sethring 450,Bosschenhoofd,8610HC,Netherlands,1940-05-06,2016-09-16 15:03
A3635444,Dirk Blees,dirk.blees597@yahoo.com,+31 441 683 1394,Pieterstraat 73,Grashoek,1321HV,Netherlands,1989-09-09,2021-10-29 14:49
A1391219,Oliver Brennan,oliver.brennan489@outlook.com,+44 271 953 0006,Studio 0 Gerard Loop,New Paulaland,B4S 1QZ,United Kingdom,1978-04-15,2012-12-29 13:30
A7992281,Paul Clarke,paul.clarke399@hotmail.co.uk,+44 715 972 2123,Studio 8 Taylor Walk,Taylormouth,BA0 2NQ,United Kingdom,1986-11-03,2013-10-04 20:25
A7178240,Michele Ford,michele.ford81@gmail.com,+1 616 219 9147,73956 Jackson Course Apt. 116,Smithland,31669,United States,1950-02-16,2014-03-13 03:44
A3401195,Danny Jonse,,+44 780 209 2218,890 Mark Mountains,Coleston,BS3H 8YZ,United Kingdom,1952-01-19,2019-12-31 17:06
A3011691,Benjamin Leach,benjamin.leach882@hotmail.co.uk,+44 482 260 0140,09 Yvonne Court,Port Brian,SM2 1AT,United Kingdom,1967-04-18,2010-11-18 06:50
A3275949,Rachael Davies,rachael.davies855@outlook.com,+44 674 644 4820,Studio 31O Bentley Keys,Port Geoffrey,TR95 1FH,United Kingdom,1961-08-08,2015-10-19 18:29
A2518953,Lucas Heijman,lucas.heijman603@outlook.com,+31 820 668 6882,Juliettehof 7,Grave,9801 TH,Netherlands,1975-04-27,2013-02-20 23:51
A6854789,Samuel Watson,samuel.watson299@outlook.com,+44 414 154 4377,Studio 65p Hussain Knolls,New Duncan,BH78 6RQ,United Kingdom,1983-01-08,2019-05-20 23:56
A5296595,Richard Henderson,richard.henderson215@icloud.com,+1 337 720 2695,18574 Stewart Loop Suite 963,Port Terry,99097,United States,1978-02-22,2015-04-10 13:32
A8731750,Sally Howells,sally.howells305@gmail.com,+44 661 411 1196,48 Robertson Hills,Port Suzannetown,MK2 8US,United Kingdom,1938-10-07,2015-10-14 08:37
A2533693,Jimmy Solis,jimmy.solis550@outlook.com,+1 663 837 1718,8535 Tina Crest,Janiceside,54439,United States,1960-06-20,2013-06-26 02:07
A6564298,Glenn Anderson,glenn.anderson773@proton.me,+44 445 750 7736,13 Damian Junction,Berryburgh,EX1W 7AS,United Kingdom,1961-10-07,2021-05-16 10:54
A9042713,Elaine Hyde,elaine.hyde869@yahoo.com,+44 431 932 1437,Studio 3 Alan Gateway,Nashtown,ML36 6SG,United Kingdom,1967-06-05,2011-10-31 02:45
A7515331,Karolina Jockel,karolina.jockel985@proton.me,+49 299 452 7149,Bernard-Ruppert-Platz 9,Wernigerode,22108,Germany,2002-09-26,2015-10-07 12:06
A2379827,Stef Kriens,stef.kriens994@icloud.com,+31 275 207 7880,Noudhof 63,Nijeberkoop,7964 EI,Netherlands,1999-11-30,2011-08-11 20:13
A9545253,Elisabet Barceló,elisabet.barceló515@proton.me,+34 668 539 2307,Rambla Evangelina Pallarès 90,Murcia,25207,Spain,1945-12-06,2020-10-26 12:27
A1026550,Amy Newman,amy.newman331@proton.me,+44 345 499 3769,486 Paige Ferry,Smithburgh,W97 3SN,United Kingdom,1940-07-20,2013-12-28 07:11
A3632623,Gero van,gero.van498@hotmail.co.uk,+49 758 889 4533,Pohlgasse 7/7,Beeskow,80965,Germany,1997-08-01,2010-02-22 00:46
A2158712,Jonathan Rogers,jonathan.rogers725@proton.me,+1 478 654 1805,2843 Daniel Well Suite 666,Lake Jason,98080,United States,2002-01-15,2014-01-13 14:54
A5569705,Mirta Blanca,mirta.blanca358@web.de,+34 862 349 3160,C. de Casemiro Pla 29 Puerta 7 ,Málaga,41203,Spain,1949-08-04,2014-03-24 20:53
A1576765,Clive Bradley,clive.bradley103@hotmail.co.uk,+44 631 512 2194,Flat 84 Gould Haven,North Donna,N03 6FX,United Kingdom,1958-10-06,2011-08-27 00:29
A5779403,Dietmar Heser,dietmar.heser428@outlook.com,+49 515 017 7457,Reza-Werner-Straße 12-20,Mayen,57905,Germany,1998-01-16,2014-05-09 15:17
A9121230,Franz-Josef Mude,franzjosef.mude699@proton.me,+49 911 342 1279,Elzbieta-Jacob-Ring 9,Hettstedt,07267,Germany,1995-11-18,2014-06-04 11:15
A4812964,Joan Lawson,joan.lawson64@yahoo.com,+44 373 660 8123,651 Smith Road,South Ben,N44 5JG,United Kingdom,1963-11-06,2015-02-27 11:03
A9205919,Amanda Rice,amanda.rice606@web.de,+1 276 909 8669,7214 Stevenson Valleys Apt. 497,Port Rebeccahaven,10171,United States,1979-11-09,2012-01-12 14:43
A8859109,Glen Hewitt,glen.hewitt856@yahoo.com,+44 242 181 8503,Flat 47 Naomi Underpass,Lawrencebury,WF60 6QP,United Kingdom,1956-09-11,2011-02-15 08:23
A4740074,Mark Lucas,mark.lucas864@proton.me,+44 458 687 1707,Studio 02 Jason Mountains,Port Grahamview,L1C 0FS,United Kingdom,1965-10-24,2012-01-08 02:32
A5622793,Jessica Morgan,jessica.morgan887@hotmail.co.uk,+1 786 876 3582,1291 Jackson Stravenue,Lake Sarah,87314,United States,1953-07-31,2020-10-06 13:51
A4491062,Yéssica Vargas,yéssica.vargas186@yahoo.com,+34 421 995 3460,Vial Lupe Bustamante 92 Apt. 31 ,Melilla,19785,Spain,1949-08-22,2014-06-30 11:27
A6893372,Kenneth Power,kenneth.power109@proton.me,+44 360 563 9894,Flat 57B Smith Field,East Helen,HS0H 8HP,United Kingdom,1967-09-15,2014-07-19 14:57
A6414793,Adrian Brooks,adrian.brooks123@gmail.com,+44 301 834 8935,Flat 3 Parsons Crescent,Hughestown,E0 6LR,United Kingdom,1957-09-30,2014-02-11 15:10
A7581970,Albert Cook,albert.cook526@icloud.com,+44 774 978 6309,Flat 14V Berry Stravenue,Justinton,G5G 6EY,United Kingdom,1970-07-24,2019-09-23 10:48
A8845306,Jennifer Osborne,jennifer.osborne970@proton.me,+1 717 666 3626,82810 Melinda Shoals Apt. 819,New Christopher,11344,United States,1989-12-23,2015-01-26 00:36
A9251677,Elif Röömer,,3358495355,Misichergasse 552,Wurzen,53699,Germany,1986-04-20,2020-08-05 13:50
A6200116,Samuel Jones,samuel.jones208@gmail.com,+44 968 689 2830,Studio 30R Damien Path,Port Anthonybury,B2D 4NR,United Kingdom,2005-07-01,2011-05-29 10:59
A8822131,Leon Hall,leon.hall254@gmail.com,+44 257 323 4733,7 Faulkner Club,Derekborough,CH9 0YD,United Kingdom,1994-08-19,2014-09-15 20:59
A7299194,Giovanni Elsenaar,giovanni.elsenaar694@hotmail.co.uk,+31 867 445 6802,Rileyhof 1,Koudum,7900VC,Netherlands,1944-11-09,2020-11-19 09:50
A7636078,Domingo Vera,domingo.vera747@icloud.com,+34 702 248 8335,Cuesta Florentina Mate 99 Puerta 9 ,Guipúzcoa,14202,Spain,1938-03-03,2011-03-31 22:59
A6524339,Isabella Lemmens,isabella.lemmens550@icloud.com,+31 646 105 7326,Yarasteeg 3,Balinge,1151HE,Netherlands,1999-10-18,2021-11-15 13:51
A6041890,Georgina Brown,georgina.brown224@gmail.com,+44 577 979 7763,Studio 25x Alice Passage,Archerside,NP3E 7ET,United Kingdom,1960-02-17,2011-09-12 23:28
A2968032,Damian Morrison,damian.morrison853@proton.me,+44 899 094 7793,13 Hughes Orchard,Whitehaven,M1 8RG,United Kingdom,1950-03-10,2020-07-10 20:54
A1730938,Natascha Wieloch,natascha.wieloch364@web.de,+49 628 593 8544,Ottfried-Kensy-Gasse 8/5,Moers,41176,Germany,1981-01-30,2010-11-09 20:06
A4881470,Jacinto Boada,jacinto.boada360@web.de,+34 755 367 0544,Vial América Azcona 299 Puerta 2 ,Cuenca,28582,Spain,1979-05-20,2013-05-31 20:11
A3914435,Alexandra Jones,alexandra.jones10@gmail.com,+1 792 474 0571,7580 Reid Mission,Brianfort,47549,United States,2000-03-23,2018-03-13 20:36
A5487760,Emily Schneider,emily.schneider90@web.de,+1 414 709 3593,660 Shelton Plain,South Kellyburgh,96841,United States,1998-11-25,2011-09-29 00:18
A4550377,Jari Nuwenhuysen,jari.nuwenhuysen283@outlook.com,+31 436 539 0604,Mellepad 966,Bellingwolde,6219HV,Netherlands,1948-07-02,2020-04-11 07:57
A4817382,Marian Hughes,,+44 302 646 4035,Flat 33K Stuart Square,Parkerview,IP6 0HR,United Kingdom,1936-08-25,2021-06-24 07:39
A6680424,Christopher Schultz,christopher.schultz932@web.de,+1 649 619 3564,890 Samuel Keys Suite 657,Frederickbury,41645,United States,1942-11-07,2016-07-16 01:25
A6619625,Jack Williams,jack.williams874@outlook.com,+44 404 716 7358,Studio 62M Wood Key,South Lesliebury,ZE52 3JD,United Kingdom,1973-05-19,2014-11-10 06:13
A8630090,Eva Mínguez,eva.mínguez76@hotmail.co.uk,+34 918 659 6921,Vial de Ovidio Cortés 63 Piso 1 ,Ávila,22855,Spain,2003-02-26,2018-02-16 23:05
A8623074,Georgia Walton,georgia.walton872@outlook.com,+44 907 553 5716,Studio 58 Matthews Expressway,Port Grahamburgh,BL7 1ZN,United Kingdom,1975-02-12,2014-05-28 02:05
A7086707,Evangelia Sager,evangelia.sager858@icloud.com,+49 728 657 1881,Constance-Weinhage-Weg 7662,Borken,59593,Germany,1944-09-22,2018-01-23 02:27
A7227430,Harriet Bailey,harriet.bailey174@hotmail.co.uk,+44 626 174 1314,277 Hannah Vista,Amberberg,E2U 1DF,United Kingdom,1975-07-14,2019-07-27 20:19
A9196325,Timothy Decker,timothy.decker219@outlook.com,+1 260 510 0564,29193 Skinner Parks Suite 989,Lake Cindybury,91920,United States,1971-09-28,2021-09-18 09:56
A8409980,Bayram Mohaupt,bayram.mohaupt374@yahoo.com,+49 480 789 6047,Alicia-Hoffmann-Ring 4-1,Mühldorf am Inn,51276,Germany,1968-06-04,2016-12-05 20:41
A9619566,Jade Jones,jade.jones219@hotmail.co.uk,+44 920 038 5141,Studio 63 Young Mall,Port Davidborough,LD6 5HW,United Kingdom,1936-02-04,2010-02-19 04:38
A1089004,William Thompson,william.thompson924@icloud.com,+1 878 691 0990,6660 Leonard Divide Suite 399,Callahanfort,62475,United States,1982-10-18,2011-04-10 11:23
A9484331,Lindsey Thompson,lindsey.thompson828@gmail.com,+44 888 854 4220,1 Hill Points,East Emily,W4 9QN,United Kingdom,1981-05-04,2014-10-20 08:28
A9214511,Damian Rijn,damian.rijn535@yahoo.com,+31 577 550 0736,Tijspad 012,Nieuwerkerk aan den IJssel,8035RB,Netherlands,1966-12-04,2020-08-22 17:26
A5250283,Megan Sullivan,megan.sullivan704@yahoo.com,+1 758 800 4234,677 Michael Drives,Port Lisa,62825,United States,2002-10-14,2018-10-24 09:24
A3711913,Karl Hughes,karl.hughes99@hotmail.co.uk,+44 809 867 1374,662 Black Plaza,New Abdul,N2D 0QD,United Kingdom,1938-12-31,2020-01-07 04:55
A1721092,Detlev Lübs,detlev.lübs557@proton.me,+49 582 904 7931,Athanasios-Scheibe-Gasse 5/1,Dinkelsbühl,60669,Germany,1961-10-06,2017-04-07 11:35
A7267658,Georgia Wilson,,+44 640 893 6286,01 Leah Parkways,Normanhaven,M04 7UY,United Kingdom,1987-08-23,2018-02-26 11:25
A9951192,Sharon Ellis,sharon.ellis763@outlook.com,+44 601 169 2767,Flat 6 Mills Knoll,Helenbury,SP4V 0TN,United Kingdom,1991-06-07,2014-07-27 00:44
A1928179,Christine Lewis,christine.lewis717@gmail.com,+1 539 905 1396,7833 Lee Ridges Suite 412,Tonyhaven,14451,United States,1993-12-07,2020-08-28 09:42
A4869910,Joanne Read,joanne.read61@hotmail.co.uk,+44 991 070 4270,95 Ellis Ramp,Stewartbury,SK69 1ED,United Kingdom,1946-02-05,2014-02-11 23:04
A5553348,Nathaniel Reyes,nathaniel.reyes970@web.de,+1 319 618 5293,12392 Christopher Fields,Danafort,81374,United States,1947-05-13,2012-01-12 03:23
A7398527,Ellinor Weinhold,ellinor.weinhold343@outlook.com,+49 930 335 4567,Ruppersbergerweg 422,Neubrandenburg,78840,Germany,1989-10-19,2018-08-29 21:32
A3762108,Georgia Schottin,georgia.schottin71@yahoo.com,+49 504 825 9425,Hamannring 6739,Borken,36446,Germany,1963-08-18,2016-03-12 23:39
A3257964,Marc Thomas,marc.thomas561@hotmail.co.uk,+44 205 199 6037,568 Diana View,Michelleberg,CR4E 5ZN,United Kingdom,1984-04-17,2013-09-04 22:20
A2863316,Adrian Parker,adrian.parker909@web.de,+44 473 238 2124,Studio 26K Leonard Locks,Thomasmouth,E32 4GD,United Kingdom,1959-01-08,2015-05-23 22:30
A3140901,Jamie Huisman,jamie.huisman312@yahoo.com,+31 545 780 8884,Quintenstraat 0,De Groeve,9147GV,Netherlands,1986-12-07,2012-05-28 11:15
A1185098,Marion Harris,marion.harris926@icloud.com,+44 440 778 6172,Studio 2 Kevin Forest,Jordanstad,E0 7SF,United Kingdom,1994-04-08,2019-09-10 20:37
A1491972,Charlotte Daen,,+44 262 505 1126,12 Danielle Point,Gardnerview,E5 7TH,United Kingdom,1969-06-01,2010-01-05 19:41
A2984165,Ashley Hussain,ashley.hussain367@proton.me,+44 665 725 3945,10 Charles Mountain,Port Adrianmouth,CH3 3XX,United Kingdom,1938-10-16,2014-10-14 09:23
A6819988,Derek Simpson,derek.simpson46@web.de,+44 778 220 6955,385 Anne Mountains,New Jennifer,KW6Y 5DP,United Kingdom,1940-11-03,2013-05-18 01:15
A1082823,Ágata Núñez,ágata.núñez93@hotmail.co.uk,+34 799 441 9609,Callejón de Brígida Seguí 338 Puerta 9 ,Castellón,20012,Spain,1959-01-23,2013-12-10 19:56
A6292849,Aimée Haengreve,aimée.haengreve582@outlook.com,+31 883 300 3556,Elisabethsteeg 32,Westervelde,3633XS,Netherlands,2003-07-18,2013-03-14 04:03
A3656812,Rouven Schwital,rouven.schwital329@icloud.com,+49 441 263 2901,Anselm-Stroh-Allee 9/9,Brand,82630,Germany,1964-08-09,2010-08-08 02:18
A8642891,Robert Hanson,robert.hanson229@gmail.com,+44 621 439 8667,Studio 22W Josephine Ports,Lake Lynda,EH1 0EZ,United Kingdom,1968-08-10,2021-07-30 15:58
A8973835,Manuel Parra,manuel.parra576@proton.me,+34 805 928 7001,Via de Ani Jaume 39,Melilla,35801,Spain,1942-11-03,2011-10-29 23:43
A3634096,John Richards,john.richards834@yahoo.com,+44 556 883 5393,2 Rowe Brooks,South Darren,N86 7SY,United Kingdom,1995-06-03,2018-12-16 14:54
A4957311,Christopher Sykes,christopher.sykes244@proton.me,+44 410 228 7321,Studio 5 Ingram Lake,East Danielshire,M7 4AN,United Kingdom,1961-06-28,2020-06-21 13:14
A8911376,Ashley Brown,ashley.brown237@yahoo.com,+44 403 081 7445,Studio 39 Ward Freeway,Stephensside,CH82 1HD,United Kingdom,1963-07-26,2016-07-07 10:48
A1341025,Glen James,glen.james676@yahoo.com,+44 903 269 1285,Flat 64q Richards Forest,Stewartshire,FK71 3RD,United Kingdom,1993-04-23,2015-07-14 21:41
A8640530,Swen Nerger,,+49 599 979 9043,Pieperstr. 28,Beilngries,70073,Germany,1943-11-18,2018-01-22 18:51
A1107894,Bethany Howell,,+44 288 079 4190,0 Norris Common,Priceton,S09 9ZN,United Kingdom,1999-02-28,2017-02-19 18:46
A1775423,John Taylor,john.taylor271@web.de,+1 701 804 5091,51822 Miles Mills Suite 237,Samanthafurt,08025,United States,1955-01-21,2012-02-27 01:41
A2732725,Nicholas Haley,nicholas.haley326@web.de,+1 969 136 5325,6413 Lewis Camp Apt. 204,Terrymouth,14910,United States,1986-11-17,2016-08-21 22:55
A4997921,Nicole O'Sullivan,nicole.osullivan789@hotmail.co.uk,+44 773 307 8954,Studio 65o Connor Pass,Watkinshaven,PA9 9JN,United Kingdom,1987-09-05,2015-07-31 05:45
A2502653,Kathy Carr,kathy.carr241@web.de,+1 876 520 0248,806 Mills Square Suite 130,Hintonhaven,04930,United States,1995-01-03,2011-12-25 00:15
A3414486,Onofre Murcia,onofre.murcia876@gmail.com,+34 362 387 1743,Plaza Cristóbal Niño 62,Ourense,04183,Spain,2005-08-19,2012-06-16 07:16
A7889264,Jenna Law,jenna.law247@yahoo.com,+44 318 456 9787,Flat 5 Peter Land,Donnellyfort,M06 0YJ,United Kingdom,1946-07-21,2016-04-26 16:27
A5913485,Robin Ooyen,robin.ooyen840@outlook.com,+31 678 915 8573,Karlijnboulevard 21,Zalk,7185NF,Netherlands,1962-11-22,2013-05-30 07:26
A2344130,Leoncio Cano,leoncio.cano344@icloud.com,+34 889 637 2115,Alameda de Oriana Cid 890,Murcia,27502,Spain,2000-10-04,2011-06-15 14:31
A7050814,Jared Flynn,jared.flynn688@icloud.com,+1 579 856 7872,0450 Jennifer Haven,Darrenport,77907,United States,1976-11-05,2018-02-17 03:58
A5157626,Tamara Cuevas,tamara.cuevas380@hotmail.co.uk,+34 555 414 2318,Cañada de Carolina Saez 209 Apt. 01 ,Álava,09214,Spain,1987-08-03,2013-08-30 12:17
A3630045,Luis Lehmann,luis.lehmann428@web.de,+49 778 139 8483,Jesselweg 49/53,Zschopau,33128,Germany,1994-01-27,2014-03-21 03:49
A5511881,Kathryn Davidson,kathryn.davidson611@icloud.com,+1 362 592 3352,819 Knapp Lane Apt. 360,Lake Dustin,95526,United States,1968-01-12,2015-12-11 13:06
A5846202,Yvonne Barton,yvonne.barton468@yahoo.com,+44 868 214 7531,Studio 2 Henry Plains,Evansborough,MK4 5EZ,United Kingdom,1989-02-23,2011-03-12 18:23
A3439203,Max Jones,max.jones213@yahoo.com,+44 537 351 3316,726 Thomas Ramp,Mauricebury,HD2 1UZ,United Kingdom,1997-04-28,2020-12-27 05:04
A9801803,Anne Harvey,anne.harvey237@yahoo.com,+44 800 799 4425,Flat 76z Walker Key,Knightville,M7S 0YF,United Kingdom,1949-10-09,2011-03-01 02:18
A3460722,Emilio Belda,emilio.belda656@hotmail.co.uk,+34 859 544 8740,Via de Luís Castrillo 336,Cáceres,48126,Spain,1970-08-10,2011-03-31 05:04
A7731228,Indy Woudenberg,indy.woudenberg130@yahoo.com,+31 813 693 9119,Noudsteeg 074,Gasselternijveenschemond,5478 BW,Netherlands,1998-01-10,2011-05-05 02:34
A6037142,Lola Laarhoven,lola.laarhoven537@hotmail.co.uk,+31 908 507 9409,Danibaan 317,Castricum,4060SQ,Netherlands,1944-05-03,2013-12-19 18:58
A7256939,Mandy Tuurner,,5944779979,335 Joshua Fort,East Mohamed,WD3V 0RE,United Kingdom,1952-07-10,2015-10-07 02:24
A2396193,Richard Williamson,richard.williamson221@hotmail.co.uk,+1 864 958 0981,017 Allen Harbor Suite 349,Sparksland,29407,United States,1964-11-29,2019-02-15 19:52
A5847270,Anastasia Campos,anastasia.campos778@gmail.com,+34 563 479 7189,Ronda Amparo Coello 606 Apt. 70 ,Santa Cruz de Tenerife,48805,Spain,1985-10-09,2018-10-25 04:22
A4542697,Emily Freeman,emily.freeman305@yahoo.com,+1 557 281 5057,980 Green Corner Apt. 559,North Katrinamouth,83792,United States,1957-08-21,2011-02-01 15:33
A9758204,Adelardo Blanco,adelardo.blanco82@hotmail.co.uk,+34 273 255 3672,Cañada Wilfredo Barba 959,Cáceres,50335,Spain,1955-11-28,2014-11-22 15:47
A1831325,Kevin Powers,kevin.powers458@icloud.com,+1 447 036 7960,08901 Jones Walks Apt. 259,New Katrinaton,37237,United States,1946-12-26,2015-04-08 23:11
A9613857,Abbie Griffiths,,+44 641 300 0393,877 Day Cove,West Judithside,S3 3HW,United Kingdom,1969-01-16,2017-05-22 02:10
A7670957,Nora Verheuvel,nora.verheuvel798@web.de,+31 318 317 6785,Noutlaan 855,Terneuzen,1823HJ,Netherlands,1987-01-26,2011-08-22 09:56
A2080749,Kyan Winnrich,kyan.winnrich605@icloud.com,+31 681 826 0557,Merellaan 2,Zuilichem,4619 UX,Netherlands,1984-11-19,2017-10-21 12:27
A5838483,Bonifacio Alcántara,bonifacio.alcántara955@hotmail.co.uk,+34 950 335 6962,Pasaje de Gala León 16,Almería,34630,Spain,1974-03-19,2017-04-19 00:07
A4811004,Benjamin Bailey,benjamin.bailey999@web.de,+44 753 747 4531,Flat 48 Tony Falls,Robinsonhaven,S9 0PD,United Kingdom,1937-04-09,2013-06-19 21:01
A3263671,Nathan Miller,nathan.miller234@yahoo.com,+44 433 100 2030,Flat 53h Parry View,Port Ann,M6 3UL,United Kingdom,1951-04-29,2015-05-27 16:15
A8640343,Lynda Cole,lynda.cole64@proton.me,+44 361 845 4437,2 Aimee Keys,Tuckerborough,NN55 6ZA,United Kingdom,1993-09-28,2013-12-19 15:08
A9844507,Keith Wright,keith.wright166@web.de,+44 431 443 5472,3 Ashley Drives,Lake Stacey,G58 6WD,United Kingdom,1952-03-27,2015-08-04 14:18
A3389288,Suze Boer,suze.boer281@proton.me,+31 937 469 6408,Juliussteeg 8,Zuiderwoude,4548QH,Netherlands,2004-06-27,2020-06-16 07:55
A4168268,Nicholas Taylor,nicholas.taylor851@hotmail.co.uk,+44 500 776 0832,Flat 52 Butler Center,Normanfort,G8 0AD,United Kingdom,1980-09-19,2018-01-02 23:46
A1105374,Mohammed Jones,mohammed.jones667@outlook.com,+44 571 043 6706,Flat 02 Scott Fort,South Callum,LS76 9YT,United Kingdom,1943-01-05,2011-09-16 10:01
A6018057,Nadia Flantz,nadia.flantz780@outlook.com,+49 261 899 7507,Berta-Hübel-Allee 17-81,Brilon,72994,Germany,1950-12-17,2012-06-11 12:19
A7214823,Nurettin Wende,nurettin.wende795@icloud.com,+49 814 783 3338,Wagenknechtallee 5/1,Ueckermünde,90214,Germany,1944-07-06,2020-12-25 21:20
A8943357,Emir Bresé,emir.bresé805@icloud.com,+31 840 740 5055,Romyweg 84,Berg en Terblijt,6418SE,Netherlands,2000-09-12,2011-05-10 10:04
A1072754,Lauren Griffin,lauren.griffin549@proton.me,+44 834 493 8689,991 Khan Cove,Charlottefurt,L3 6LS,United Kingdom,1953-03-25,2011-06-01 09:43
A2749581,Leah Turenr,leah.turner228@hotmail.co.uk,+44 758 958 8916,74 Robson Port,Port Benjamin,WS6 6DD,United Kingdom,1989-05-14,2021-10-11 10:12
A6775318,Dean Dokkum,dean.dokkum879@gmail.com,+31 436 689 0479,Duukstraat 316,Papenvoort,7960AW,Netherlands,1995-02-12,2012-01-20 03:10
A9800898,Teresa Shah,,+44 301 721 3535,776 Victor Harbor,Port Jake,CV8 0US,United Kingdom,1963-08-22,2021-07-06 19:01
A1262048,Ljubica Wilms,ljubica.wilms794@proton.me,+49 763 904 8209,Hansjörg-auch Schlauchin-Allee 3/3,Gunzenhausen,80642,Germany,1950-11-06,2014-01-06 11:25
A6636248,Joana Jäkel,joana.jäkel983@hotmail.co.uk,+49 543 063 3742,Bohlandergasse 5/9,Eckernförde,99500,Germany,2005-06-25,2018-03-23 11:50
A7340685,Casper Ven,casper.ven465@web.de,+31 372 785 6949,Rileyweg 7,Kortehemmen,3108 NO,Netherlands,1982-09-27,2016-01-07 12:24
A3680269,John Hill,john.hill44@hotmail.co.uk,+44 876 944 5596,81 Laura Terrace,Macdonaldview,M2B 2AW,United Kingdom,1941-05-31,2018-12-15 14:04
A4008893,Amber Newman,amber.newman161@icloud.com,+44 435 612 8289,Flat 3 Ruth Village,South Leah,TF5 9EZ,United Kingdom,1965-04-01,2013-02-20 19:13
A7278417,Victoria Parker,victoria.parker989@gmail.com,+44 366 059 3483,7 Hardy Squares,Rogerhaven,L0 8LX,United Kingdom,1947-06-19,2017-01-05 17:27
A3453598,Rochus Metz,rochus.metz656@proton.me,+49 291 730 6283,Solveig-Drub-Gasse 7-4,Spremberg,93314,Germany,1974-04-29,2013-01-18 05:04
A3716364,Heriberto Fajardo,heriberto.fajardo465@outlook.com,+34 518 292 8120,Paseo Tadeo Arranz 45,Teruel,31249,Spain,1984-08-21,2018-02-13 04:04
A6180530,James Martin,james.martin563@outlook.com,+44 603 535 5333,Studio 38V Hutchinson Radial,West Lee,SE39 9RB,United Kingdom,2001-05-24,2019-01-23 13:39
A5923555,Janice Young,janice.young40@gmail.com,+44 320 073 2252,Flat 44f Kayleigh Burg,Sarafort,E2J 2WQ,United Kingdom,1945-08-30,2016-05-14 17:43
A3958058,Amy Ketel,,+31 443 606 8939,Fabiënnelaan 7,Vaals,4632HX,Netherlands,1995-04-11,2019-03-18 14:53
A5717464,Sybille Nette,sybille.nette162@proton.me,+49 486 424 3311,Bohnbachstr. 2/8,Hainichen,81717,Germany,1991-05-12,2018-05-04 08:32
A1462786,Kevin Allen,kevin.allen161@hotmail.co.uk,+1 845 675 7007,261 Conway Trail Suite 546,Port Andreaside,86663,United States,1974-08-13,2013-09-11 13:45
A2679570,Craig Allen,craig.allen35@yahoo.com,+44 992 074 4876,Flat 50c Stephanie Lane,West Melanie,G4 4SZ,United Kingdom,1950-04-18,2011-06-07 14:07
A3761182,Leon Taylor,leon.taylor733@proton.me,+44 359 242 1153,9 Kim Station,North Benjamin,TQ3V 6DP,United Kingdom,1957-05-07,2011-07-26 15:05
A5659592,Carmine Linke,,+49 567 201 1444,Römerstraße 66-27,Malchin,00066,Germany,1949-12-29,2015-10-23 02:04
A2047005,Anselmo Mayol,anselmo.mayol232@hotmail.co.uk,+34 488 100 5884,Vial Adoración Morera 75 Piso 9 ,La Coruña,33921,Spain,1998-11-20,2019-11-14 06:34
A5631527,Gundi Striebitz,gundi.striebitz985@icloud.com,+49 725 392 3322,Fechnerallee 78/40,Dinslaken,57719,Germany,2002-01-05,2020-04-24 19:21
A5178399,Eileen Banks,eileen.banks157@web.de,+44 267 136 6772,21 Miles Course,Zoetown,RH9H 2UP,United Kingdom,1986-06-21,2010-06-13 22:27
A4514736,Karen Austermühle,karen.austermühle456@gmail.com,+49 277 474 3052,Kuschweg 52-79,Rochlitz,05297,Germany,1994-05-04,2018-07-02 00:56
A5779018,Emma Hendrikse,,+31 760 444 5942,Johannespad 968,Elsloo,5308 WD,Netherlands,1989-09-27,2021-11-23 14:01
A9673075,Gerard Henry,gerard.henry868@gmail.com,+44 533 954 1712,Flat 60t Hewitt Forges,South Adrianburgh,YO6 9FE,United Kingdom,2002-06-28,2014-01-26 00:51
A6070801,Lucas Ernst,lucas.ernst947@proton.me,+31 616 758 0618,Bjornweg 78,Vlagtwedde,6748IJ,Netherlands,1938-12-03,2021-10-05 09:21
A8001639,Wessel Rubbben,wessel.rubben266@hotmail.co.uk,6937583339,Laradreef 181,Olterterp,2477 IT,Netherlands,1979-05-25,2012-04-14 04:47
A3230178,Anita Macdonald,anita.macdonald608@hotmail.co.uk,+1 420 526 2027,6325 Santiago Estates,Davisstad,56783,United States,1974-09-27,2019-04-04 11:58
A7122134,Mette Luc,mette.luc222@proton.me,+31 524 260 9301,Azrahof 77,Puttershoek,6953RG,Netherlands,1985-10-26,2010-09-07 21:41
A2399603,Tracy Davison,tracy.davison286@web.de,+44 279 097 7387,Studio 34 Hill Plain,Natashaberg,ST72 9UD,United Kingdom,1948-01-03,2018-04-13 13:47
A2439208,Timothy Gonzalez,timothy.gonzalez84@proton.me,+1 587 645 3643,79145 Lam Tunnel,New Monica,03862,United States,1964-04-24,2017-11-24 02:51
A1794990,Erik Stewart,erik.stewart745@icloud.com,+1 804 002 4328,105 Bobby Avenue,South Kelsey,14396,United States,2001-09-03,2016-01-09 20:54
A1770931,Marcus Morgan,marcus.morgan384@hotmail.co.uk,+44 534 971 1668,45 Glenn Highway,Jasonfort,DG6M 3FG,United Kingdom,1984-04-03,2013-05-13 03:25
A6976034,Jonathan Maxwell,jonathan.maxwell157@yahoo.com,+1 763 167 7847,9419 Bonilla Square Apt. 815,Michaelchester,87285,United States,1959-05-25,2011-02-22 09:04
A8774787,Dionisio Beltrán,dionisio.beltrán860@icloud.com,+34 457 056 9355,Paseo de Ale Campos 3 Apt. 55 ,Cáceres,36371,Spain,1988-01-12,2019-04-28 15:36
A9387231,Hilmar Mälzer,hilmar.mälzer819@outlook.com,+49 623 754 6424,Tintzmannring 0,Güstrow,50012,Germany,1984-12-09,2015-11-30 18:58
A6094153,Bernt Stoll,bernt.stoll108@yahoo.com,+49 749 126 2417,Hahnring 2,Hohenstein-Ernstthal,06021,Germany,1966-05-18,2018-07-28 14:11
A9426452,Leah Edwards,leah.edwards626@web.de,+44 825 395 0509,902 Russell Mount,Port Christopherside,IV9 1QW,United Kingdom,1973-05-04,2019-11-18 15:00
A6417508,Graham Roberts,graham.roberts532@web.de,+44 561 210 0633,Flat 77 Richardson Trail,Jeantown,S38 6RN,United Kingdom,2001-10-20,2021-08-06 18:41
A1976847,Leanne Patel,leanne.patel345@proton.me,+44 942 852 2039,8 Brett Loop,East Rachelburgh,DA9 3FP,United Kingdom,1940-09-19,2010-01-28 22:30
A6851816,Francisco Mendizábal,francisco.mendizábal764@proton.me,+34 506 523 4275,Pasaje Antonia Tudela 80 Puerta 6 ,Badajoz,30745,Spain,1972-06-27,2012-02-25 02:34
