client_ref,first_name,surname,e-mail,mobile,address_line_1,town,zip,country_code,dob,last_seen
C-1003494,James,Whitehead,james.whitehead960@web.de,3801051690,Studio 09 Walker Dale,Kaurfurt,M37 0JA,GB,07/05/1945,2021-06-26T14:35:00
C-1027441,Teresa,Shah,teresa.shah256@gmail.com,03017213535,776 Victor Harbor,Port Jake,CV8 0US,GB,22/08/1963,2020-08-11T22:11:00
C-1030602,Anneliese,Börner,anneliese.börner522@outlook.com,211.985.6109,Krzysztof-Römer-Straße 938,Lübben,17593,DE,07/10/1942,2021-12-19T20:10:00
C-1042124,Sam,Jones,,9686892830,Studio 30R Damien Path,Port Anthonybury,B2D 4NR,GB,01/07/2005,2024-06-29T12:31:00
C-1059184,Benjamin,Leach,benjamin.leach882@hotmail.co.uk,(482) 260-0140,09 Yvonne Court,Port Brian,SM2 1AT,GB,18/04/1967,2020-03-10T18:17:00
C-1098108,Daniela,Schmidtke,daniela.schmidtke883@yahoo.com,(283) 541-3042,Schollring 82,Prenzlau,90104,DE,28/09/1992,2020-12-26T11:38:00
C-1101018,Elisabet,Barceló,elisabet.barceló515@proton.me,06685392307,Rambla Evangelina Pallarès 90,Murcia,25207,ES,06/12/1945,2020-11-10T08:35:00
C-1103872,Ashley,Hussain,ashley68@hotmail.co.uk,5214583497,10 Charles Mountain,Port Adrianmouth,CH3 3XX,GB,18/04/1963,2021-06-10T14:52:00
C-1104111,Chris,Schultz,christopher.schultz932@web.de,649.619.3564,890 Samuel Keys Suite 657,Frederickbury,41645,US,07/11/1942,2024-02-08T13:31:00
C-1120288,Alexandra,Jones,alexandra.jones10@gmail.com,07924740571,7580 Reid Mission,Brianfort,47549,US,23/03/2000,2023-06-20T00:11:00
C-1179949,Anastasia,Campos,anastasia.campos778@gmail.com,5634797189,Ronda Amparo Coello 606 Apt. 70 ,Santa Cruz de Tenerife,48805,ES,09/10/1985,2025-07-17T13:35:00
C-1194290,Joy,Barry,joy.barry990@icloud.com,2810267831,84075 Johns Stravenue Apt. 700,Lake Michaelstad,23511,US,13/07/1955,2025-11-13T07:11:00
C-1264802,Steven,Blake,steven.blake501@proton.me,(278) 169-4669,4 Turner Ct,Mohamedhaven,N9 0PN,GB,25/12/1988,2025-04-14T18:02:00
C-1307796,Marc,Douglas,marc.douglas586@proton.me,923.452.1826,0 Francis Isle,Higginsfurt,LE6 1YJ,GB,19/05/1962,2022-06-02T09:19:00
C-1335649,Joan,Lawson,joan.lawson64@yahoo.com,373.660.8123,651 Smith Rd,South Ben,N44 5JG,GB,06/11/1963,2025-05-12T10:20:00
C-1337121,Amy,Newman,amy.newman331@proton.me,345.499.3769,486 Paige Ferry,Smithburgh,W97 3SN,GB,,2021-04-16T19:40:00
C-1349628,Lynne,Matthews,lynne.matthews820@icloud.com,445558855561,Studio 70N Gerald Manor,New Marianburgh,EX6E 5PE,GB,10/01/1966,2024-01-29T14:01:00
C-1362777,Nicholas,Taylor,nicholas.taylor851@hotmail.co.uk,500.776.0832,Flat 52 Butler Center,Normanfort,G8 0AD,GB,19/09/1980,2022-11-30T09:40:00
C-1441954,Beatriz,Corominas,beatriz.corominas872@proton.me,02464196260,Pasadizo Haydée Cárdenas 720,Málaga,18863,ES,08/07/1978,2020-06-25T02:06:00
C-1464069,Grace,Carey,grace.carey605@yahoo.com,6291520717,066 Griffiths Walk,Smithmouth,SW5 8UJ,GB,17/08/1954,2021-11-16T14:05:00
C-1471849,Yvonne,Adams,yvonne.adams754@web.de,7611330491,775 Jenkins Loaf,Ballburgh,N9W 8YD,GB,01/06/1943,2023-03-21T23:16:00
C-1515116,Waldemar,Wulff,waldemar.wulff161@yahoo.com,618.227.0086,Dowergstr. 36-69,Schongau,41140,DE,29/10/1958,2024-08-20T05:01:00
C-1518167,Domingo,Vera,domingo.vera747@icloud.com,7022488335,Cuesta Florentina Mate 99 Puerta 9 ,Guipúzcoa,14202,ES,,2020-06-22T05:28:00
C-1561095,Linda,Lyons,linda.lyons173@hotmail.co.uk,619.887.0415,5 Moore Port,Fraserport,B49 0NE,GB,03/06/1940,2022-12-07T12:56:00
C-1603259,Reece,Ellis,reece.ellis18@web.de,(420) 445-4418,Flat 8 Lawrence St,West Harrystad,B3 5XJ,GB,30/12/1966,2020-02-07T01:36:00
C-1669292,Matthew,Horton,matthew.horton678@icloud.com,6686355343,Flat 20o Walters Square,New Zoeland,WR98 6XR,GB,29/10/1944,2020-05-14T17:25:00
C-1671532,Pauline,Robinson,pauline.robinson596@icloud.com,446300958068,53 Tom Mill,Royville,N1K 7RH,GB,01/09/1954,2024-06-11T07:56:00
C-1676852,Onofre,Murcia,,(362) 387-1743,Pza. Cristóbal Niño 62,Ourense,04183,ES,19/08/2005,2023-01-28T05:10:00
C-1690235,Jessica,Morgan,jessica.morgan887@hotmail.co.uk,786.876.3582,1291 Jackson Stravenue,Lake Sarah,87314,US,31/07/1953,2025-10-29T13:59:00
C-1722433,Joanne,Read,joanne.read61@hotmail.co.uk,449910704270,95 Ellis Ramp,Stewartbury,SK69 1ED,GB,05/02/1946,2020-07-10T08:05:00
C-1742624,Leoncio,Cano,leoncio.cano344@icloud.com,8896372115,Alameda de Oriana Cid 890,Murcia,27502,ES,04/10/2000,2023-10-19T15:41:00
C-1753557,Dylan,Freeman,dylan.freeman95@hotmail.co.uk,5739368900,Studio 6 Wright Walk,Morganfort,HP3 3UQ,GB,21/01/1948,2021-10-09T08:08:00
C-1779824,Max,Wood,max.wood254@hotmail.co.uk,2621266393,Studio 66 Martin Neck,Birdville,AB91 3XP,GB,11/04/1954,2022-07-11T21:01:00
C-1802332,Antony,Chandler,antony.chandler15@web.de,9193042636,839 Rowe Dr,East Sarah,S96 2UZ,GB,06/12/1982,2022-01-31T12:04:00
C-1890485,Lola,Laarhoven,lola.laarhoven537@hotmail.co.uk,9085079409,Sophieboulevard 29,Stegeren,2845 LC,NL,,2022-05-15T21:48:00
C-1900768,Torben,Klapp,torben.klapp355@hotmail.co.uk,558.729.4853,Rohtstr. 5-6,Wolgast,92806,DE,22/05/1990,2023-04-23T11:24:00
C-1929130,Grace,Pearce,grace.pearce40@icloud.com,05811445122,Flat 58J Holden Radial,New Saramouth,LE99 4LT,GB,06/10/1938,2020-05-15T10:28:00
C-1942157,John,Wilkins,john.wilkins624@icloud.com,(696) 838-7691,561 Moore Expressway,Port Dustin,89366,US,08/12/1950,2021-05-24T17:06:00
C-2052717,Leon,Taylor,leon.taylor733@proton.me,359.242.1153,9 Kim Sta,North Benjamin,TQ3V 6DP,GB,07/05/1957,2024-11-10T20:04:00
C-2057682,Sol,Iniesta,sol.iniesta406@hotmail.co.uk,349027601965,Rambla de Desiderio Alcolea 834 Puerta 2 ,La Coruña,50572,ES,31/12/1961,2023-12-07T09:20:00
C-2059763,Amanda,Torres,amanda.torres800@yahoo.com,14074750842,37052 David Crossroad,West Roy,17874,US,,2025-10-28T13:24:00
C-2087217,Louise,Turner,,806.246.0709,Flat 7 Richards Island,South Allan,G6 4JJ,GB,05/01/1957,2024-02-23T02:02:00
C-2136350,Jack,Williams,jack.williams874@outlook.com,04047167358,Studio 62M Wood Key,South Lesliebury,ZE52 3JD,GB,,2023-05-11T03:49:00
C-2138964,William,Thompson,william.thompson924@icloud.com,8786910990,6660 Leonard Divide Suite 399,Callahanfort,62475,US,18/10/1982,2020-03-16T00:43:00
C-2179503,Lucas,Heijman,lucas.heijman603@outlook.com,820.668.6882,Fennesteeg 09,Dalerpeel,4423 KA,NL,27/04/1975,2023-10-15T09:15:00
C-2204230,Hilmar,Mälzer,hilmar.mälzer819@outlook.com,6237546424,Tintzmannring 0,Güstrow,50012,DE,,2024-11-01T17:14:00
C-2211129,Bart,Koning,bart.koning237@proton.me,(929) 002-0330,Jesperhof 756,Kropswolde,2877 HQ,NL,17/08/1937,2025-10-17T12:15:00
C-2300673,Lorraine,Wilson,lorraine.wilson686@gmail.com,445374825218,94 Pauline Canyon,Aimeeport,CW00 7RY,GB,20/02/2003,2022-05-05T17:17:00
C-2307124,Swen,Nerger,swen.nerger524@outlook.com,5999799043,Pieperstr. 28,Beilngries,70073,DE,18/11/1943,2023-08-16T20:28:00
C-2311886,Natascha,Wieloch,natascha.wieloch364@web.de,(628) 593-8544,Ottfried-Kensy-Gasse 8/5,Moers,41176,DE,30/01/1981,2024-06-02T12:38:00
C-2338346,Lisa,Begum,lisa.begum167@outlook.com,(346) 441-0834,Studio 5 Abbie Forge,Parrybury,E2 8AS,GB,16/07/1989,2020-05-19T11:12:00
C-2364862,Jake,Hall,jake.hall909@icloud.com,970.371.2552,Flat 48t Chandler Falls,Elliotthaven,CO14 1LN,GB,07/06/1999,2024-12-19T13:43:00
C-2401703,Bernt,Stoll,bernt.stoll108@yahoo.com,07491262417,Hahnring 2,Hohenstein-Ernstthal,06021,DE,18/05/1966,2024-08-13T18:48:00
C-2401783,Carmine,Linke,carmine.linke785@web.de,5672011444,Römerstr. 66-27,Malchin,00066,DE,29/12/1949,2024-11-07T07:59:00
C-2431439,Victor,Rbio,victor.rubio762@hotmail.co.uk,9267882693,Plaza Humberto Barroso 99,Almería,51169,ES,24/02/1952,2023-02-11T18:20:00
C-2435108,Wouter,Cornelisse,wouter.cornelisse770@outlook.com,3337450058,Maximsingel 22,Haalderen,7630 RB,NL,26/10/1996,2025-11-11T02:46:00
C-2500768,Ellinor,Weinhold,ellinor.weinhold343@outlook.com,499303354567,Ruppersbergerweg 422,Neubrandenburg,78840,DE,19/10/1989,2024-01-25T15:44:00
C-2516444,Dylan,Velde,dylan.velde32@proton.me,319102633970,Joliestraat 2,Ruurlo,2926JN,NL,12/10/1999,2024-01-01T12:02:00
C-2538730,Mirta,Blanca,mirta.blanca358@web.de,862.349.3160,C. de Casemiro Pla 29 Puerta 7 ,Málaga,41203,ES,04/08/1949,2024-02-21T16:16:00
C-2582667,Salih,Niemeier,salih.niemeier340@icloud.com,02285617310,Olga-Kade-Allee 85-65,Saarbrücken,55741,DE,08/04/1965,2024-07-07T12:51:00
C-2648539,Barbara,Smith,barbara.smith252@web.de,445022620891,8 Page Manors,South Ryanstad,N2 1XJ,GB,31/10/1969,2023-06-20T16:05:00
C-2691970,Benjamin,Bailey Jr,benjamin97@web.de,7591202691,Flat 48 Tony Falls,Robinsonhaven,S9 0PD,GB,08/12/1963,2024-07-26T18:18:00
C-2708035,Adelbert,Fliegner,adelbert.fliegner59@web.de,236.266.4924,Weißgasse 30-41,Dresden,48329,DE,03/07/1973,2025-08-14T18:44:00
C-2718362,Ronald,Sexton,ronald.sexton864@web.de,377.414.1981,59041 Randy Road,South Beth,25702,US,14/07/1958,2021-06-21T10:31:00
C-2748984,Branka,Bolzmann,branka.bolzmann780@gmail.com,(831) 785-2915,Jacobgasse 43-34,Pinneberg,18152,DE,18/10/1990,2020-06-07T20:57:00
C-2779712,Adelardo,Blanco,adelardo.blanco82@hotmail.co.uk,342732553672,Cañada Wilfredo Barba 959,Cáceres,50335,ES,28/11/1955,2020-02-10T00:34:00
C-2782073,Karl,Williams,karl.williams937@gmail.com,446609390855,99 Davies Tunnel,North Jill,E0 3ZN,GB,23/11/1936,2021-11-25T07:51:00
C-2813651,Bibi,Wolfswinkel,bibi.wolfswinkel266@icloud.com,(280) 944-7332,Pieterring 538,Kûbaard,1280 ON,NL,29/09/1981,2024-02-26T15:38:00
C-2830534,Marc,Thomas,marc.thomas561@hotmail.co.uk,2051996037,568 Diana View,Michelleberg,CR4E 5ZN,GB,17/04/1984,2020-08-24T16:06:00
C-2863618,Jade,Jones,jade.jones219@hotmail.co.uk,920.038.5141,Studio 63 Young Mall,Port Davidborough,LD6 5HW,GB,04/02/1936,2020-12-26T00:49:00
C-2878508,Damian,Morrrison,damian.morrison853@proton.me,448990947793,13 Hughes Orchard,Whitehaven,M1 8RG,GB,10/03/1950,2022-01-20T12:41:00
C-2897925,Lauren,Griffin,lauren.griffin549@proton.me,(834) 493-8689,Studio 4 Hayley River,Juneview,JE84 2WL,GB,25/03/1953,2022-05-24T06:51:00
C-2902799,Luis,Cuadrado,,345466767779,Acceso de Alex Vallejo 80,Vizcaya,35637,ES,15/03/1957,2021-01-23T23:35:00
C-2963253,Emma,Hendrikse,emma.hendrikse980@gmail.com,(760) 444-5942,Johannespad 968,Elsloo,5308 WD,NL,27/09/1989,2023-12-13T05:59:00
C-2983172,Kenneth,Power,,(360) 563-9894,Flat 57B Smith Field,East Helen,HS0H 8HP,GB,15/09/1967,2024-01-09T07:45:00
C-3007139,Lynne,Rogers,lynne.rogers317@hotmail.co.uk,(686) 458-7934,406 Danielle Ct,North Amanda,WN4P 0DA,GB,16/04/1971,2021-08-29T04:13:00
C-3015430,Babett,Fröhlich,babett.fröhlich363@icloud.com,917.927.4911,Josefine-Stadelmann-Gasse 3/4,Delitzsch,03405,DE,11/02/1998,2024-09-23T01:07:00
C-3042528,Marian,Hughes,marian.hughes936@icloud.com,(302) 646-4035,Studio 97 Ian Island,South Paul,L39 0TD,GB,25/08/1936,2023-10-31T08:27:00
C-3046480,Janice,Young,janice.young40@gmail.com,3200732252,Flat 44f Kayleigh Burg,Sarafort,E2J 2WQ,GB,30/08/1945,2025-06-18T23:01:00
C-3096407,Marcus,Edwards,marcus.edwards285@proton.me,(577) 828-4789,Studio 1 Johnson Grove,Rosieburgh,CA67 8UB,GB,22/11/1974,2024-07-16T08:33:00
C-3101260,Katy,Hall,katy.hall748@web.de,449510165406,509 Lee Union,Samanthaberg,RG2 4NJ,GB,04/07/1942,2021-01-25T06:17:00
C-3102102,Felisa,Galindo,felisa.galindo214@web.de,04972384172,Urbanización de Yago Pou 28 Puerta 0 ,Almería,10844,ES,30/11/1981,2023-04-22T04:35:00
C-3103316,Loreto,Prada,loreto.prada201@web.de,348761665497,Via Alejandra Viana 24 Apt. 85 ,Pontevedra,27489,ES,,2021-09-21T22:16:00
C-3104303,Lisbeth,Winkler,lisbeth.winkler938@gmail.com,06797871423,Eimerring 407,Schweinfurt,57763,DE,16/08/1940,2025-10-04T12:24:00
C-3130345,Amy,Ketel,amy.ketel649@gmail.com,443.606.8939,Fabiënnelaan 7,Vaals,4632HX,NL,11/04/1995,2022-08-28T13:32:00
C-3162067,Anita,Macdonald,anita.macdonald608@hotmail.co.uk,4205262027,417 Dunn Mountains,South Kennethville,69150,US,27/09/1974,2024-06-05T05:08:00
C-3177722,Elizabeth,Fox,,(538) 471-3430,853 Lesley Curve,Port Neilhaven,M3 6EZ,GB,09/12/1993,2020-06-16T06:24:00
C-3189730,Megan,Stewart,megan.stewart577@outlook.com,12889652639,40861 Donald Via Apt. 039,Port Patricia,94245,US,,2022-05-27T10:29:00
C-3254024,Terence,Philips,terence.phillips919@hotmail.co.uk,9875879552,35 Francis Spur,North Sylviaborough,M6 3FP,GB,01/02/2003,2022-01-26T11:01:00
C-3266808,Casper,Ven,casper.ven465@web.de,03727856949,Rileyweg 7,Kortehemmen,3108 NO,NL,27/09/1982,2023-01-12T14:28:00
C-3348516,Dale,McKenzie,dale.mckenzie185@web.de,448907499171,Studio 93 Amy Isle,Port Joshtown,E4 0YD,GB,20/05/2005,2022-12-19T06:49:00
C-3365784,Samuel,Watson,samuel.watson299@outlook.com,4141544377,Studio 65p Hussain Knolls,New Duncan,BH78 6RQ,GB,08/01/1983,2021-01-24T10:06:00
C-3386394,Howard,Hardy,howard.hardy115@proton.me,06035328687,821 Joseph Ways,Williamschester,W20 5DS,GB,27/09/1988,2024-03-13T07:35:00
C-3396618,Irene,Hall,irene.hall114@outlook.com,357.491.1415,8 Charlene Lights,South Dannyshire,G0 1TD,GB,22/01/1976,2022-02-26T22:27:00
C-3479402,Eric,Allen,eric.allen895@gmail.com,(521) 445-1667,836 Hernandez Roads Apt. 181,Alvaradoside,47924,US,09/09/1956,2021-06-09T13:38:00
C-3577615,Belinda,Adolph,belinda.adolph312@yahoo.com,726.804.3763,Ernst-Otto-Jäkel-Ring 4/9,Flöha,64721,DE,28/08/1967,2024-02-29T05:53:00
C-3661468,Ruth,Moya,ruth.moya464@hotmail.co.uk,8210252074,Calle Ambrosio Rico 874 Apt. 29 ,Burgos,20391,ES,13/12/1960,2021-01-02T02:46:00
C-3662664,Gabriel,Ángel,gabriel.ángel559@icloud.com,547.988.3434,Via de Vicente Piñeiro 25 Apt. 64 ,Cantabria,35564,ES,09/05/1987,2022-05-15T19:19:00
C-3668893,Milo,Zijl,milo.zijl460@yahoo.com,680.222.4706,Duukln. 86,Oudehorne,7263SZ,NL,28/03/1950,2023-02-14T06:38:00
C-3680316,Fenna,Greij,fenna.greij801@web.de,948.604.2819,Sethweg 457,IJsselstein,4426WM,NL,16/06/1979,2022-07-29T01:59:00
C-3754053,Micha,Vermeulen,micha.vermeulen339@hotmail.co.uk,03194802949,Angelinahof 3,Giethmen,7331KY,NL,28/06/1978,2020-02-22T11:55:00
C-3767767,Therese,Heinrich,therese.heinrich905@icloud.com,380.470.7144,Heiner-Schäfer-Platz 11/88,Gerolzhofen,10400,DE,20/05/1998,2024-05-28T15:07:00
C-3834410,Amanda,Osborne,amanda.osborne155@outlook.com,614.355.0142,60993 Nixon Highway,Gillespiestad,14665,US,13/02/1974,2025-04-14T22:56:00
C-3889865,Teresa,Owens,teresa.owens349@yahoo.com,08252912590,28 Lane Curve,North Rossport,W6S 4UW,GB,16/05/1977,2024-01-14T07:33:00
C-3918290,Giovanni,Elsenaar,giovanni.elsenaar694@hotmail.co.uk,08674456802,Rileyhof 1,Koudum,7900VC,NL,09/11/1944,2020-01-16T11:21:00
C-3932690,John,Taylor,john.taylor271@web.de,7018045091,51822 Miles Mills Suite 237,Samanthafurt,08025,US,21/01/1955,2024-12-07T08:45:00
C-3949078,Araceli,Mercader,araceli.mercader489@outlook.com,(667) 545-0585,Cañada de Gerardo Sobrino 85,Teruel,19034,ES,,2022-01-17T04:39:00
C-4000933,Cloe,Calzada,cloe.calzada539@gmail.com,345801682258,C. Fermín Lastra 425 Piso 7 ,Teruel,19720,ES,13/12/1975,2024-04-18T23:03:00
C-4012482,Evi,Bruijn,evi.bruijn705@hotmail.co.uk,913.469.9056,Sethring 450,Bosschenhoofd,8610HC,NL,06/05/1940,2022-04-10T23:11:00
C-4024655,Marion,Harris,marion.harris926@icloud.com,444407786172,Studio 2 Kevin Forest,Jordanstad,E0 7SF,GB,08/04/1994,2023-08-21T01:53:00
C-4031785,Yolanda,Cabrera,,344732052397,Avenida Marta Luque 531 Apt. 25 ,Santa Cruz de Tenerife,21474,ES,28/02/1953,2022-03-18T06:57:00
C-4043618,Elaine,Cooper,elaine.cooper462@yahoo.com,667.710.1427,Flat 28 Diana Flats,Austinburgh,KT9 2BX,GB,19/02/1974,2021-11-28T01:04:00
C-4044804,Stef,Kriens,stef.kriens994@icloud.com,2752077880,Noudhof 63,Nijeberkoop,7964 EI,NL,30/11/1999,2022-05-05T12:39:00
C-4074900,Amber,Newmaan,amber.newman161@icloud.com,(435) 612-8289,Flat 3 Ruth Village,South Leah,TF5 9EZ,GB,01/04/1965,2025-01-06T10:08:00
C-4097155,Anselmo,Mayol,anselmo.mayol232@hotmail.co.uk,04881005884,Avenida de Lola Mercader 57,Cáceres,49872,ES,20/11/1998,2020-11-14T12:33:00
C-4116832,Amelia,Dirksen,amelia.dirksen361@web.de,319105449377,Elizaweg 78,Tjalhuizum,4826 MA,NL,,2023-10-04T13:17:00
C-4141224,Keith,Wright,keith.wright166@web.de,04314435472,3 Ashley Drives,Lake Stacey,G58 6WD,GB,27/03/1952,2023-01-02T00:34:00
C-4230732,Lorraine,Thomas,lorraine.thomas734@hotmail.co.uk,908.008.7829,9 Herbert Course,East Helen,W3 4EB,GB,13/03/1947,2023-04-30T03:59:00
C-4281372,Zachary,Roberts,,08657966830,71592 West Ville Suite 024,Robinland,83461,US,03/01/1936,2021-12-15T13:32:00
C-4296994,Mark,Lewis,mark.lewis501@hotmail.co.uk,368.089.4583,698 Nelson Unions Suite 648,Port Jasonberg,47338,US,14/10/1958,2020-01-02T09:00:00
C-4305939,Albert,Cook,albert.cook526@hotmail.co.uk,774.978.6309,Flat 14V Berry Stravenue,Justinton,G5G 6EY,GB,24/07/1970,2023-11-05T01:34:00
C-4353812,Joan,Hussain,joan.hussain669@outlook.com,(881) 450-7275,Flat 87O Rogers Court,Lake Jason,LA11 3JQ,GB,,2024-06-16T14:12:00
C-4374810,Hildegunde,Hübel,hildegunde.hübel751@web.de,(767) 782-1033,Möchlichenweg 3,Lüdinghausen,42565,DE,30/07/1983,2023-11-21T14:34:00
C-4429672,Mark,Fowler,mark.fowler143@gmail.com,05626289000,208 Robert Spur,East Antonio,05848,US,25/09/1978,2023-06-17T11:33:00
C-4446570,Carrie,Harris,carrie.harris495@web.de,08744906218,465 Brian Crest,North Jacqueline,59461,US,02/02/1975,2024-01-18T04:52:00
C-4486198,Nora,Gutknecht,nora.gutknecht825@gmail.com,02008991075,Schleichring 597,Griesbach Rottal,28424,DE,07/11/1983,2022-06-22T21:19:00
C-4522186,Jenna,Law,jenna.law247@yahoo.com,443184569787,Flat 5 Peter Land,Donnellyfort,M06 0YJ,GB,21/07/1946,2022-11-28T04:05:00
C-4582876,Alison,Smith,alison.smith177@gmail.com,09227018407,773 Ellie Manors,East Craigton,EN64 6PA,GB,01/11/1994,2023-03-28T13:23:00
C-4588324,Mark,Hendricks,mark.hendricks983@hotmail.co.uk,15743218799,2601 Tanya Cove,Gregoryside,67448,US,08/02/1966,2025-07-02T11:22:00
C-4612430,Martyn,Metcalfe,martyn.metcalfe771@web.de,(202) 972-5651,Studio 78 Russell Isle,Hughesborough,GL5Y 7ZJ,GB,22/06/1997,2021-03-17T10:41:00
C-4675118,Ullrich,Ritter,ullrich.ritter861@web.de,433.616.2200,Rita-Börner-Gasse 5376,Pegnitz,71474,DE,12/03/1987,2023-07-31T06:54:00
C-4727905,Colin,Hill,colin.hill602@hotmail.co.uk,02941190447,Studio 09 Burgess Mews,Daveyville,SR7 4ZG,GB,15/11/1987,2020-08-22T20:35:00
C-4740448,Emir,Bresé,emir.bresé805@icloud.com,8407405055,Romyweg 84,Berg en Terblijt,6418SE,NL,12/09/2000,2025-03-20T00:28:00
C-4744057,Nicole,Harris,nicole.harris612@icloud.com,07745044082,Studio 57 Bentley Mall,Powellfurt,SR9 0WW,GB,04/08/1976,2022-10-11T02:57:00
C-4787159,David,Watson,david.watson382@gmail.com,959.440.8123,2134 Harmon Pike,Rogerschester,80324,US,06/02/1990,2023-06-16T05:19:00
C-4830268,Darlene,Turner,darlene.turner225@yahoo.com,9132475651,48524 John Branch Apt. 597,East Ann,29435,US,12/12/1951,2025-07-13T22:44:00
C-4853200,Bob,Hanson,robert.hanson229@gmail.com,(621) 439-8667,Studio 22W Josephine Ports,Lake Lynda,EH1 0EZ,GB,10/08/1968,2020-05-05T09:05:00
C-4866645,Ottokar,Henschel,ottokar.henschel489@gmail.com,06054780101,Agnieszka-Fechner-Allee 42,Hammelburg,84982,DE,12/05/1938,2023-04-29T01:31:00
C-4866646,Benjamin,Bailey,benjamin.bailey999@web.de,(753) 747-4531,Flat 48 Tony Falls,Robinsonhaven,S9 0PD,GB,09/04/1937,2022-01-28T13:47:00
C-4926104,Geoffrey,Lloyd,geoffrey.lloyd17@gmail.com,647.064.9224,4 Griffiths Drs,East Garry,N2F 7AZ,GB,15/05/1943,2023-12-02T19:46:00
C-4943512,Detlev,Lübs,detlev.lübs557@proton.me,495829047931,Athanasios-Scheibe-Gasse 5/1,Dinkelsbühl,60669,DE,06/10/1961,2020-12-14T23:22:00
C-4962003,Kevin,Parker,kevin.parker112@hotmail.co.uk,(716) 170-5298,375 Thomas Plaza,Smithstad,95526,US,28/02/1994,2021-02-25T05:01:00
C-4993564,Ashley,Brown,ashley.brown237@yahoo.com,4030817445,Studio 39 Ward Freeway,Stephensside,CH82 1HD,GB,26/07/1963,2023-07-05T02:28:00
C-5012385,Alexis,Freeman,alexis.freeman111@gmail.com,06388604138,54502 Franco Trail Apt. 645,New Erikafort,54915,US,04/08/2002,2022-07-06T14:28:00
C-5050884,Josephine,Dean,josephine.dean909@web.de,06051340756,389 Dixon Prairie,Dannyberg,S74 0DP,GB,16/08/1977,2022-02-13T14:35:00
C-5087580,Sally,Howells,sally.howells305@gmail.com,(661) 411-1196,48 Robertson Hills,Port Suzannetown,MK2 8US,GB,07/10/1938,2021-04-30T08:28:00
C-5140792,Lynda,Cole,lynda.cole64@proton.me,443618454437,2 Aimee Keys,Tuckerborough,NN55 6ZA,GB,28/09/1993,2022-06-25T23:18:00
C-5144028,Ben,Read,ben.read783@yahoo.com,(246) 613-3343,52 Jeffrey Ramp,Whiteport,N5H 3XL,GB,18/12/1945,2021-08-06T07:54:00
C-5184507,Jodie,Hall,jodie.hall169@icloud.com,(567) 307-4710,Flat 53 Cox Dale,South Frances,CA3 4FE,GB,24/03/1952,2025-12-24T19:44:00
C-5212606,Tania,Porcel,tania.porcel705@gmail.com,5619649840,Cuesta de Eloy Duque 33,Almería,47948,ES,23/09/1998,2025-10-19T12:11:00
C-5288113,Cameron,Evans,cameron.evans698@hotmail.co.uk,326.144.6642,431 Susan Mountain,Lake Oliverfort,EC6N 3RY,GB,23/08/1966,2023-09-02T12:21:00
C-5318019,Luis,Fisher,luis.fisher882@web.de,03631449449,4121 Davenport Valley Apt. 169,Oneillstad,85695,US,26/09/2005,2022-03-24T21:32:00
C-5345734,Dominic,McDonald,dominic.mcdonald912@yahoo.com,442601405475,Flat 80i Briggs Coves,South Barbarabury,M59 9SZ,GB,01/03/1965,2022-02-09T03:52:00
C-5366856,Yvonne,Barton,yvonne.barton468@yahoo.com,448682147531,Studio 2 Henry Plns,Evansborough,MK4 5EZ,GB,23/02/1989,2020-04-15T03:24:00
C-5392276,Sandra,Robertson,sandra.robertson74@web.de,(799) 088-6105,08 Williams Square,Rogersbury,N4 9YX,GB,02/03/1962,2023-01-19T23:52:00
C-5427847,Abbie,Griffiths,abbie.griffiths747@web.de,06413000393,877 Day Cove,West Judithside,S3 3HW,GB,16/01/1969,2021-05-13T20:50:00
C-5496511,Jake,King,jake.king402@web.de,(878) 404-7500,Flat 20 Hale Extensions,East Ericstad,WS1 6JD,GB,13/03/1997,2023-12-12T00:29:00
C-5510537,Ellie,Shah,ellie.shah662@yahoo.com,2763862325,540 Stone Branch,Bakerberg,PO76 7YP,GB,12/12/1973,2022-04-05T13:13:00
C-5532512,Richard,Henderson,richard.henderson215@icloud.com,3377202695,18574 Stewart Loop Suite 963,Port Terry,99097,US,22/02/1978,2023-08-30T16:22:00
C-5537044,Irene,Pera,irene.pera686@outlook.com,466.710.1392,C. Adriana Benítez 640,Melilla,31452,ES,,2020-07-10T06:15:00
C-5561925,Andrew,Bates,andrew.bates13@gmail.com,5503540189,828 James Inlet,South Junebury,M9 8GZ,GB,17/03/1945,2022-11-06T04:16:00
C-5566821,Ashley,Hussain,ashley.hussain367@proton.me,446657253945,10 Charles Mtn,Port Adrianmouth,CH3 3XX,GB,,2021-07-29T02:34:00
C-5594920,Lucas,Ernst,,316167580618,Bjornweg 78,Vlagtwedde,6748IJ,NL,03/12/1938,2025-01-17T12:13:00
C-5602573,Patrick,Johnston,,(471) 017-8091,Studio 70 Burton Circles,East Carlyhaven,W9W 4NF,GB,02/03/1982,2025-02-22T14:35:00
C-5610822,Indy,Woudenberg,indy.woudenberg130@yahoo.com,8136939119,Noudsteeg 074,Gasselternijveenschemond,5478 BW,NL,,2023-12-04T11:54:00
C-5624429,Jonathan,Rogers,jonathan.rogers725@proton.me,478.654.1805,0777 Charles Manor Suite 233,Deckermouth,09012,US,15/01/2002,2023-08-06T02:11:00
C-5669238,Karolina,Jockel,karolina.jockel985@proton.me,02994527149,Schinkeplatz 430,Duderstadt,45149,DE,26/09/2002,2022-11-11T07:59:00
C-5706862,Tiffany,Myers,tiffany.myers742@icloud.com,260.601.9176,9528 Joseph Plns Apt. 643,Katherineborough,58243,US,19/09/1966,2021-10-20T18:14:00
C-5709802,Elizabeth,Miller,elizabeth.miller390@gmail.com,15581713170,038 Allen Circles,North Larry,21097,US,16/11/1999,2021-04-17T10:47:00
C-5713227,Terence,Rowe,terence.rowe525@proton.me,(579) 931-3867,758 King Flat,Helenmouth,S93 7JY,GB,11/11/1983,2021-02-03T13:01:00
C-5761955,Tiffany,Wilson,tiffany.wilson88@icloud.com,9239253860,317 Brewer Forest,Brandonborough,92226,US,10/09/1983,2023-09-29T02:03:00
C-5779689,Karl,Hughes,karl.hughes99@hotmail.co.uk,809.867.1374,662 Black Pza.,New Abdul,N2D 0QD,GB,31/12/1938,2024-10-03T23:29:00
C-5849089,Corey,Torres,,13051328078,22906 Montgomery Haven Apt. 632,Julieshire,08171,US,31/12/1945,2021-01-22T18:22:00
C-5856466,Megan,Sullivan,megan.sullivan704@yahoo.com,07588004234,677 Michael Drives,Port Lisa,62825,US,14/10/2002,2021-07-01T01:22:00
C-5869212,Nicole,O'Sullivan,nicole.osullivan789@hotmail.co.uk,07733078954,Studio 65o Connor Pass,Watkinshaven,PA9 9JN,GB,05/09/1987,2025-07-17T09:24:00
C-5882626,Fátima,Cuenca,fátima.cuenca428@icloud.com,932.932.4333,Plaza Amaya Aguado 250 Piso 3 ,Palencia,34481,ES,24/05/1996,2021-07-02T07:08:00
C-5894735,Lupe,Toro,lupe.toro475@hotmail.co.uk,3913616452,Vial de María Del Carmen Ocaña 718,Huesca,38894,ES,14/11/1941,2025-02-08T21:20:00
C-6004132,Hernán,Arteaga,hernán.arteaga860@outlook.com,09469031901,Glorieta de Lola Segarra 790,Palencia,33327,ES,,2023-05-28T06:00:00
C-6008282,Werner,Wulff,werner.wulff604@yahoo.com,4515482748,Kamil-Christoph-Straße 565,Kitzingen,24050,DE,27/06/1946,2023-11-15T07:04:00
C-6027198,Francisco,Mendizábal,francisco.mendizábal764@proton.me,5065234275,Glorieta de Miguela Barranco 21,Zaragoza,45214,ES,27/06/1972,2025-07-15T14:11:00
C-6053914,Robert,Power,robert.power708@web.de,(605) 975-6416,01 Elliott Inlet,West Joyce,B00 2NA,GB,20/07/1964,2025-08-23T18:32:00
C-6086369,Francesca,Griffin,francesca.griffin99@proton.me,336.203.5251,Flat 92s Roberts Ramp,West Rosemarytown,NN2M 0RJ,GB,16/08/1997,2022-05-15T21:17:00
C-6092218,James,Mason,james.mason632@gmail.com,862.128.9848,376 Phyllis Views Suite 047,Port Elizabeth,63089,US,29/04/1943,2022-04-04T18:06:00
C-6206588,Mohammed,Jones,mohammed.jones667@outlook.com,571.043.6706,Flat 02 Scott Fort,South Callum,LS76 9YT,GB,05/01/1943,2022-12-01T15:52:00
C-6213852,Nigel,Lees,nigel.lees740@icloud.com,06871653138,Studio 76q Louis Route,Jeremyburgh,S1S 9DF,GB,01/07/1940,2021-09-11T00:19:00
C-6226185,Michele,Ford,,06162199147,73956 Jackson Course Apt. 116,Smithland,31669,US,16/02/1950,2025-01-07T11:52:00
C-6244696,Tijn,Embden,tijn.embden24@web.de,02703724549,Thijmenring 94,1e Exloërmond,4576JN,NL,02/02/2004,2024-03-17T03:22:00
C-6280290,Ágata,Núñez,ágata.núñez93@hotmail.co.uk,347994419609,C/jón de Brígida Seguí 338 Puerta 9 ,Castellón,20012,ES,23/01/1959,2024-08-08T20:43:00
C-6304319,Tracy,Davison,tracy.davison286@web.de,2790977387,Studio 34 Hill Plain,Natashaberg,ST72 9UD,GB,03/01/1948,2021-01-01T02:43:00
C-6327245,Ryan,Booker,ryan.booker467@icloud.com,18974828220,305 Howard Brooks,West Amy,96980,US,29/11/1943,2025-07-31T08:49:00
C-6336680,Martin,Pope,martin.pope241@icloud.com,2920562275,Flat 60 Francis Summit,West Olivia,W0H 5ZB,GB,15/02/1977,2020-03-12T04:11:00
C-6362424,Elaine,Hyde,elaine.hyde869@yahoo.com,4319321437,Studio 3 Alan Gateway,Nashtown,ML36 6SG,GB,05/06/1967,2020-07-30T15:48:00
C-6377660,Arthur,Hill,arthur.hill251@proton.me,06397161777,Flat 24F Melanie Ranch,Port Jordanburgh,N01 3PX,GB,17/08/1986,2021-08-12T13:13:00
C-6432932,Katie,Barbre,,(549) 721-9388,90 Ahmed Ridge,Jonesbury,CB6P 4FF,GB,08/09/1993,2023-09-03T07:50:00
C-6440069,Georgia,Walton,georgia.walton872@outlook.com,9075535716,Studio 58 Matthews Expressway,Port Grahamburgh,BL7 1ZN,GB,12/02/1975,2022-06-07T04:51:00
C-6441188,Nicholas,Haley,nicholas.haley326@icloud.com,969.136.5325,6413 Lewis Camp Apt. 204,Terrymouth,14910,US,17/11/1986,2022-12-20T19:53:00
C-6472422,Lucy,Lewis,lucy.lewis491@web.de,430.900.5615,86 Holland Freeway,Tinastad,G7D 6ZN,GB,,2025-08-03T11:48:00
C-6555635,Anne,Peterson,anne.peterson705@gmail.com,06884011190,606 Diaz Neck Apt. 597,Xavierstad,41221,US,07/02/2005,2025-11-15T02:16:00
C-6608430,Kathryn,Davidson,kathryn.davidson611@icloud.com,(362) 592-3352,1265 Collins Radial Apt. 811,West Wendy,27155,US,12/01/1968,2025-05-16T03:32:00
C-6651467,Michelle,Bailey,michelle.bailey630@proton.me,447287629616,Flat 8 Rebecca Estate,Ryanmouth,M5 8GX,GB,27/08/1940,2023-11-06T20:36:00
C-6686014,Bethany,Howell,bethany.howell470@proton.me,288.079.4190,0 Norris Common,Priceton,S09 9ZN,GB,,2020-11-04T01:08:00
C-6730452,Evangelia,Sager,evangelia.sager858@icloud.com,728.657.1881,Constance-Weinhage-Weg 7662,Borken,59593,DE,22/09/1944,2022-02-19T14:38:00
C-6745973,Bayram,Moahupt,bayram.mohaupt374@yahoo.com,(480) 789-6047,Alicia-Hoffmann-Ring 4-1,Mühldorf am Inn,51276,DE,04/06/1968,2024-05-21T00:08:00
C-6756129,Kevin,Allen,kevin.allen161@hotmail.co.uk,08456757007,261 Conway Trail Suite 546,Port Andreaside,86663,US,13/08/1974,2020-02-22T05:01:00
C-6771673,Nathan,Miller,nathan.miller234@yahoo.com,(433) 100-2030,85 Wells Manors,Zoeton,SR7H 1EE,GB,29/04/1951,2023-04-24T03:12:00
C-6820172,Logan,Atkinson,,5070871200,46347 Weiss Inlet Suite 354,Lake Virginia,31436,US,20/05/1960,2021-05-28T02:49:00
C-6846315,Erik,Stewart,erik.stewart745@icloud.com,804.002.4328,105 Bobby Avenue,South Kelsey,14396,US,03/09/2001,2025-01-21T17:11:00
C-6861846,Cynthia,Täsche,cynthia.täsche328@hotmail.co.uk,9651013780,Edda-Gerlach-Allee 2-8,Lichtenfels,91729,DE,24/11/1986,2022-02-17T12:37:00
C-6875133,Steven,Schmidtke,steven.schmidtke117@gmail.com,06445279667,Annemarie-Rogge-Ring 1313,Demmin,88776,DE,12/08/1988,2020-06-20T08:19:00
C-6920499,Mette,Luc,,(524) 260-9301,Azrahof 77,Puttershoek,6953RG,NL,,2025-09-15T08:59:00
C-6960433,Timothy,Dennis,timothy.dennis519@web.de,269.102.7255,Studio 40E Allen Trace,Guyville,IM2 2SJ,GB,07/05/2003,2023-03-31T03:44:00
C-6982197,Gerard,Henry,,5339541712,Flat 60t Hewitt Forges,South Adrianburgh,YO6 9FE,GB,28/06/2002,2021-03-16T19:47:00
C-6986094,Sybille,Nette,sybille.nette162@proton.me,(486) 424-3311,Hildegard-Lange-Gasse 4-4,Wurzen,83511,DE,,2023-02-12T15:08:00
C-6987051,Sabrina,Bien,sabrina.bien302@gmail.com,7128538398,Wanda-Johann-Pl. 82/28,Celle,28873,DE,17/02/1977,2025-03-21T19:03:00
C-6988352,Jonathan,Maxwell,jonathan.maxwell157@yahoo.com,763.167.7847,9419 Bonilla Sq Apt. 815,Michaelchester,87285,US,25/05/1959,2024-05-31T06:47:00
C-7019583,Nurettin,Wende,nurettin.wende795@icloud.com,8147833338,Wagenknechtallee 5/1,Ueckermünde,90214,DE,06/07/1944,2023-06-23T00:21:00
C-7035547,Gordon,Ehlert,gordon.ehlert168@hotmail.co.uk,498354277328,Theodora-Fliegner-W. 64,Neubrandenburg,04766,DE,05/07/1988,2024-03-29T19:07:00
C-7044429,Sian,Woodward,sian.woodward598@yahoo.com,08706149293,Studio 7 Elizabeth River,North Wayne,DH2 9HG,GB,14/09/1938,2025-11-21T05:01:00
C-7047729,Genoveva,Guerra,genoveva.guerra482@outlook.com,6007121070,Cañada de Nando Ferrández 97,Madrid,50312,ES,24/04/1942,2025-01-17T01:24:00
C-7088147,Joana,Jäkel,joana.jäkel983@hotmail.co.uk,495430633742,Bohlandergasse 5/9,Eckernförde,99500,DE,25/06/2005,2021-06-21T11:53:00
C-7103378,Marcus,Hall,marcus.hall154@icloud.com,318.970.6080,332 Davies Alley,East Kim,YO4 0ZS,GB,28/02/1941,2020-02-12T03:20:00
C-7196772,Georgina,Brown,georgina.brown224@gmail.com,05779797763,1 Brown Field,Joannabury,E4 4DU,GB,17/02/1960,2024-11-07T23:24:00
C-7282084,Amanda,Rice,amanda.rice606@web.de,2769098669,7214 Stevenson Valleys Apt. 497,Port Rebeccahaven,10171,US,09/11/1979,2022-01-14T17:09:00
C-7296648,Nazaret,Valcárcel,nazaret.valcárcel68@web.de,349489087459,C/jón de Marita Herranz 24 Piso 3 ,Madrid,15045,ES,18/03/1974,2024-12-20T15:09:00
C-7307076,Josh,Baker,josh.baker814@proton.me,5857927386,632 Michael Valleys,New Francesca,NW4 1UW,GB,27/10/2001,2022-11-30T14:33:00
C-7384876,John,Richards,john.richards834@yahoo.com,(556) 883-5393,8 Amelia Meadows,Lake Johntown,DA15 5WZ,GB,03/06/1995,2021-01-29T12:55:00
C-7392580,Glen,Hewitt,glen.hewitt856@yahoo.com,242.181.8503,Flat 47 Naomi Underpass,Lawrencebury,WF60 6QP,GB,11/09/1956,2021-05-05T12:46:00
C-7419262,Amanda,Smith,amanda.smith808@icloud.com,9971935265,Studio 41 Callum Orchard,Natashachester,CT2 6AQ,GB,04/12/1949,2025-12-09T16:29:00
C-7484371,Robert,Dunn,robert.dunn689@hotmail.co.uk,(487) 526-0518,046 Burton Orchard,South Bruce,W3 9DY,GB,20/09/1939,2024-01-09T02:17:00
C-7486282,Dirk,Blees,dirk.blees597@yahoo.com,4416831394,Pieterstr. 73,Grashoek,1321HV,NL,09/09/1989,2024-10-24T00:51:00
C-7497015,Robin,Hill,robin.hill951@hotmail.co.uk,(384) 257-6588,972 Gabriel Plaza Suite 896,Vanessafurt,32963,US,02/06/1996,2022-03-01T13:16:00
C-7500422,Leanne,Patel,leanne.patel345@proton.me,449428522039,Studio 81 Carol Island,Port Olivia,G47 8XW,GB,,2021-12-16T09:27:00
C-7577437,Manuel,Parra,manuel.parra576@proton.me,08059287001,Alameda Telmo Tirado 2,Segovia,05966,ES,03/11/1942,2024-11-04T18:42:00
C-7578058,Jonas,Jansse,jonas.jansse720@icloud.com,(606) 459-1834,Karlijnstr. 9,Sint Kruis,1805 OC,NL,24/11/1964,2025-12-07T01:45:00
C-7659773,Benjamín,Bautista,benjamín.bautista336@icloud.com,(522) 145-6961,Pza. Amparo Silva 772,Huesca,49017,ES,28/07/1976,2023-10-18T15:11:00
C-7710557,Brett,Edwards,brett.edwards728@web.de,(387) 454-6496,45 Guy Roads,Kaurbury,L4D 2NT,GB,,2021-06-02T10:04:00
C-7762376,Francesca,Bell,francesca.bell732@hotmail.co.uk,676.041.2120,Studio 72 Patrick Mount,Khanchester,LL2Y 7XL,GB,03/12/1958,2023-06-04T18:21:00
C-7767131,Espiridión,Larrañaga,espiridión.larrañaga810@gmail.com,(728) 752-5099,Vial Carmen Pérez 483,Álava,26628,ES,23/09/1995,2025-05-08T00:54:00
C-7776210,Emily,Freeman,emily.freeman305@yahoo.com,5572815057,980 Green Corner Apt. 559,North Katrinamouth,83792,US,21/08/1957,2020-07-16T11:31:00
C-7787042,Eileen,Banks,eileen.banks157@web.de,(267) 136-6772,21 Miles Course,Zoetown,RH9H 2UP,GB,21/06/1986,2022-12-20T01:08:00
C-7796728,Jeremy,Morris,jeremy.morris681@hotmail.co.uk,03504958502,40976 Owens Centers Suite 561,Michaelport,30093,US,05/10/2000,2022-08-22T06:35:00
C-7819989,Sally,Archer,sally.archer793@outlook.com,05549740248,Flat 6 Shirley Locks,Cliffordland,W40 8LU,GB,18/06/1940,2023-12-28T13:04:00
C-7832167,Christian,Morrison,christian.morrison107@proton.me,331.656.4640,898 Ortega Rapid Apt. 886,Lake Michael,01738,US,,2020-05-12T20:34:00
C-7846595,Aimée,Haengreve,aimée.haengreve582@outlook.com,883.300.3556,Tijslaan 7,IJhorst,2443OD,NL,18/07/2003,2025-01-31T18:49:00
C-7858150,Frank,Davies,frank.davies140@web.de,(763) 170-3970,200 Rebecca Track,Skinnermouth,BT7N 1PF,GB,27/03/1977,2020-04-06T18:42:00
C-7918881,Leon,Hall,leon.hall254@gmail.com,02573234733,7 Faulkner Club,Derekborough,CH9 0YD,GB,19/08/1994,2023-12-04T19:47:00
C-7970974,Dean,Dokkum,dean.dokkum879@gmail.com,04366890479,Duukstr. 316,Papenvoort,7960AW,NL,12/02/1995,2020-12-07T02:06:00
C-8062026,Jari,Nuwenhuysen,jari.nuwenhuysen283@outlook.com,314365390604,Mellepad 966,Bellingwolde,6219HV,NL,02/07/1948,2024-05-30T03:22:00
C-8063203,Callum,Simpson,,02824998847,Studio 0 Macdonald Islands,South Christinefort,B3 5QN,GB,28/02/1996,2021-12-31T05:23:00
C-8066077,Franz-Josef,Mude,franzjosef.mude699@proton.me,(911) 342-1279,Elzbieta-Jacob-Ring 9,Hettstedt,07267,DE,18/11/1995,2021-08-26T10:07:00
C-8096577,Glen,James,glen.james676@yahoo.com,(903) 269-1285,58 Louis Cove,South Ruthside,PH51 3BR,GB,23/04/1993,2021-07-21T20:46:00
C-8219452,Olivia,Carr,olivia.carr906@icloud.com,6800435514,01388 Michael Dale Apt. 166,Alyssaton,83740,US,18/07/2002,2025-02-22T13:07:00
C-8254873,Kevin,Luinenburg,kevin.luinenburg62@gmail.com,3754033520,Ianweg 8,Leuth,1778 XM,NL,07/05/1964,2023-10-23T21:48:00
C-8303375,Rocío,Berrocal,rocío.berrocal782@web.de,7138078708,Acceso Francisca Pi 823,Almería,44399,ES,,2025-12-05T02:15:00
C-8360398,Ben,Pollard,benjamin.pollard792@gmail.com,05421839099,077 Ellie Plaza,Arnoldside,L37 5XE,GB,02/07/1942,2020-10-22T05:51:00
C-8370345,Hans-Walter,Haering,hanswalter.haering451@gmail.com,8981324304,Aleksander-Striebitz-Straße 84,Soest,86319,DE,28/04/1995,2025-01-31T14:44:00
C-8411404,Luis,Lehmann,luis.lehmann428@web.de,(778) 139-8483,Hartmannallee 4-6,Neustadtner Waldnaab,20318,DE,27/01/1994,2021-10-27T09:33:00
C-8457624,Dietmar,Heser,dietmar.heser428@outlook.com,05150177457,Reza-Werner-Str. 12-20,Mayen,57905,DE,16/01/1998,2022-12-04T00:15:00
C-8466276,Paul,Clarke,paul.clarke399@hotmail.co.uk,(715) 972-2123,Studio 8 Taylor Walk,Taylormouth,BA0 2NQ,GB,03/11/1986,2024-02-04T04:27:00
C-8482896,Georgia,Schottin,georgia.schottin71@yahoo.com,5048259425,Hamannring 6739,Borken,36446,DE,,2021-10-18T07:13:00
C-8485455,John,Hill,john.hill44@hotmail.co.uk,8769445596,81 Laura Terrace,Macdonaldview,M2B 2AW,GB,31/05/1941,2025-12-02T00:47:00
C-8509704,Lindsey,Thompson,lindsey.thompson828@icloud.com,(888) 854-4220,1 Hill Pts,East Emily,W4 9QN,GB,04/05/1981,2021-12-14T10:25:00
C-8555236,Heriberto,Fajardo,heriberto.fajardo465@outlook.com,345182928120,Paseo Tadeo Arranz 45,Teruel,31249,ES,21/08/1984,2024-01-12T12:33:00
C-8589888,Sandra,Stolze,sandra.stolze933@outlook.com,02739001875,Maik-Stiebitz-Allee 89/97,Düren,36348,DE,12/08/1954,2021-09-07T13:01:00
C-8615355,Florina,Mateo,florina.mateo255@yahoo.com,06172482539,Vial de Adrián Palacios 2,La Rioja,14136,ES,01/04/1949,2024-05-21T03:12:00
C-8621213,Christine,Lewis,christine.lewis717@gmail.com,05399051396,339 Collins Pines Suite 586,Hudsonchester,23187,US,07/12/1993,2021-10-17T06:34:00
C-8640882,James,Rubio,james.rubio@hotmail.co.uk,(926) 788-2693,Plaza Chucho Polo 840,Segovia,21503,ES,11/02/1950,2024-01-01T14:49:00
C-8656671,Armida,Cáceres,armida.cáceres147@yahoo.com,342126676352,Plaza de Ángel Sala 9 Apt. 68 ,Guadalajara,19441,ES,,2022-12-12T09:21:00
C-8680551,Francisco,Reig,francisco.reig468@proton.me,684.821.8910,Glorieta de Edgardo Criado 79 Apt. 77 ,Cádiz,13556,ES,13/10/1976,2020-03-24T05:46:00
C-8687186,Bethany,Graves,bethany.graves783@proton.me,02240770635,5807 Mandy Pines Apt. 248,Port Malikland,97035,US,12/07/1956,2022-04-13T12:43:00
C-8710916,Josh,Dale,josh.dale461@outlook.com,07821657613,Flat 2 Hamilton Flds,Frankport,KA7 3GQ,GB,22/09/1998,2025-02-01T11:28:00
C-8713551,Rachael,Davies,rachael.davies855@outlook.com,446746444820,Studio 31O Bentley Keys,Port Geoffrey,TR95 1FH,GB,08/08/1961,2022-02-09T02:01:00
C-8760177,Robin,Ooyen,robin.ooyen840@outlook.com,316789158573,Karlijnboulevard 21,Zalk,7185NF,NL,22/11/1962,2021-03-03T12:07:00
C-8764211,Óscar,Mendez,óscar.mendez761@yahoo.com,07792163230,Callejón Marcio Zabaleta 429 Puerta 5 ,Madrid,47091,ES,02/09/1949,2021-05-15T15:29:00
C-8766511,Anne,Hanson,anne.hanson343@icloud.com,(291) 499-4647,277 Higgins Courts Apt. 885,New Stephenbury,74220,US,07/11/1996,2025-01-26T14:03:00
C-8800897,Lilian,Jockel,lilian.jockel814@yahoo.com,703.708.5331,Giuseppe-Förster-Straße 691,Schwerin,97587,DE,11/09/1960,2025-10-06T08:17:00
C-8819067,Eleanor,Hobbs,eleanor.hobbs925@icloud.com,444771308180,Flat 66 Gordon Drive,North Mohammadbury,S40 6ZG,GB,10/06/1973,2021-07-11T10:04:00
C-8850130,Brett,Thomas,brett.thomas751@yahoo.com,488.137.1261,43 Robson Brooks,Jacobfurt,KT9 9HG,GB,04/01/1979,2025-12-08T07:50:00
C-8860084,Cirino,Hierro,cirino.hierro967@yahoo.com,344874100604,Pasaje de Loreto Tomé 503 Piso 5 ,Teruel,23546,ES,26/07/1967,2020-08-26T19:15:00
C-8899915,Alwine,Kaul,alwine.kaul819@gmail.com,506.290.6364,Koch IIring 9546,Ilmenau,85346,DE,24/10/1948,2025-03-18T11:19:00
C-8903001,Francesca,Henderson,francesca.henderson419@proton.me,4527036479,Flat 49 Gibson Court,Aimeefort,W8B 6QH,GB,29/10/1954,2025-04-09T03:07:00
C-8903449,Horst,Buchholz,horst.buchholz266@gmail.com,04084998074,Osman-Scheibe-Weg 34-12,Stade,01845,DE,08/09/1960,2024-01-15T05:56:00
C-8946675,Paul,Ortiz,paul.ortiz181@hotmail.co.uk,427.649.9382,82663 Tiffany Flats Suite 001,Caseyport,50838,US,02/10/1954,2020-06-09T21:26:00
C-8949067,Mike,Cordova,michael.cordova395@web.de,2185776986,3661 Leslie Extensions Suite 081,Joseland,56505,US,25/02/1953,2021-01-28T09:02:00
C-8991401,T,Wilson Ltd,info@wilsonltd.co.uk,8602562043,317 Brewer Forest,Brandonborough,92226,US,,2021-06-26T06:19:00
C-8992924,Amber,Hill,amber.hill441@web.de,05069048172,7 Liam Flat,Jonesview,L79 4UA,GB,13/02/1942,2022-03-23T12:30:00
C-9022084,Rick,Williamson,richard.williamson221@hotmail.co.uk,864.958.0981,017 Allen Harbor Suite 349,Sparksland,29407,US,29/11/1964,2020-10-20T17:28:00
C-9042943,Craig,Allen,craig.allen35@yahoo.com,9920744876,Flat 50c Stephanie Lane,West Melanie,G4 4SZ,GB,18/04/1950,2020-04-27T08:45:00
C-9052113,Glenn,Anderson,glenn.anderson773@web.de,(445) 750-7736,6 Albert Shore,Lake Luke,W5W 5HZ,GB,07/10/1961,2020-11-24T21:19:00
C-9123558,Jacinto,Boada,jacinto.boada360@web.de,(755) 367-0544,Vial América Azcona 299 Puerta 2 ,Cuenca,28582,ES,20/05/1979,2021-11-07T20:30:00
C-9156845,Tadeo,Fiol,tadeo.fiol654@hotmail.co.uk,8086427207,Pasaje Brunilda Artigas 95,Lleida,34602,ES,10/03/1937,2024-01-30T16:12:00
C-9204823,Romana,Fechner,romana.fechner846@icloud.com,05355436658,Wulffallee 6990,Gießen,77518,DE,22/09/1959,2020-10-04T08:11:00
C-9261261,Ljubica,Wilms,ljubica.wilms794@proton.me,7639048209,Hansjörg-auch Schlauchin-Allee 3/3,Gunzenhausen,80642,DE,06/11/1950,2024-10-04T12:31:00
C-9261361,Olivia,Edwards,olivia.edwards891@yahoo.com,5813375368,Studio 56u Lynne Squares,Port David,B3 0XU,GB,01/01/1951,2020-08-14T07:31:00
C-9360394,Max,Jones,max.jones213@yahoo.com,537.351.3316,726 Thomas Ramp,Mauricebury,HD2 1UZ,GB,28/04/1997,2020-10-05T01:59:00
C-9412304,Roque,Torrens,roque.torrens349@gmail.com,344079880305,Vial Nieves Cisneros 2 Apt. 38 ,Guadalajara,28792,ES,09/03/1938,2021-10-04T08:21:00
C-9512206,Katie,Wnog,katie.wong995@outlook.com,867.375.8238,365 Sarah Hills,Waltertown,16279,US,01/11/1993,2022-07-26T05:20:00
C-9530855,Adrian,Brooks,adrian.brooks123@gmail.com,(301) 834-8935,Flat 3 Parsons Crescent,Hughestown,E0 6LR,GB,30/09/1957,2023-12-12T19:19:00
C-9570737,Gerard,Singh,gerard.singh350@proton.me,7062207850,300 Rowe Is,South Francesca,HA2N 5DD,GB,07/09/1977,2020-01-30T21:55:00
C-9578984,Jessica,Caspar,jessica.caspar523@hotmail.co.uk,8988736950,Warmerallee 52/26,Backnang,22331,DE,31/03/1982,2025-01-23T06:04:00
C-9635620,Marcus,Morgan,,(534) 971-1668,45 Glenn Highway,Jasonfort,DG6M 3FG,GB,03/04/1984,2024-03-10T20:33:00
C-9669566,Naomi,Pratt,,02504149263,2 Thomas River,Franklinview,L8F 5RY,GB,22/09/1940,2020-08-01T16:10:00
C-9707464,Georgia,Wilson,georgia.wilson89@gmail.com,(640) 893-6286,Flat 25 Bevan Islands,East Kathleenburgh,E13 0QL,GB,23/08/1987,2022-06-10T01:56:00
C-9803198,Emily,Schneider,emily.schneider90@web.de,414.709.3593,660 Shelton Plain,South Kellyburgh,96841,US,25/11/1998,2021-06-14T16:43:00
C-9831042,Timothy,Decker,timothy.decker219@outlook.com,(260) 510-0564,29193 Skinner Parks Suite 989,Lake Cindybury,91920,US,28/09/1971,2021-08-10T02:49:00
C-9833672,Erna,Hettner,erna.hettner310@icloud.com,710.363.2904,Zänkerplatz 1158,Kleve,97144,DE,06/06/1980,2023-12-03T05:10:00
C-9879581,Emilio,Belda,emilio.belda656@hotmail.co.uk,08595448740,Via de Luís Castrillo 336,Cáceres,48126,ES,10/08/1970,2020-12-27T16:52:00
C-9883472,Oliver,Brennan,oliver.brennan489@outlook.com,271.953.0006,0 Davidson Junctions,Dorothyport,M6 6GG,GB,15/04/1978,2025-05-02T10:32:00
C-9958373,Kevin,Powers,kevin.powers458@icloud.com,447.036.7960,08901 Jones Walks Apt. 259,New Katrinaton,37237,US,26/12/1946,2021-10-20T19:02:00
C-9965670,Marita,Landa,marita.landa20@hotmail.co.uk,961.945.2173,Cañada Ariel Cardona 620 Puerta 0 ,Tarragona,20883,ES,03/08/1997,2020-08-12T07:40:00
C-9966925,Luke,Reede,luke.reede675@hotmail.co.uk,512.667.6552,Cornelisln. 3,Katlijk,8496 WI,NL,02/11/1976,2022-08-12T05:36:00
C-1893981,Brett,Sharp,brett.sharp974@web.de,446657210622,93 Kirsty Keys,Lake Terryfurt,TW47 5PJ,GB,10/11/1941,2021-04-19T01:51:00
C-6352787,Anna,Newton,anna.newton327@yahoo.com,523.848.0374,0820 Bryan Club Suite 289,Rubiomouth,99276,US,15/03/1973,2024-01-23T12:39:00
C-3785947,Lauren,Fletcher,lauren.fletcher224@web.de,(448) 378-1225,Flat 18d White Tunnel,North Danielle,S34 7XA,GB,21/12/2003,2024-11-26T13:51:00
C-5815109,Thilo,Meister,thilo.meister404@outlook.com,04540322182,Speerstr. 5/7,Gerolzhofen,36947,DE,02/02/1993,2025-08-30T23:31:00
C-3236576,Kyle,Mitchell,kyle.mitchell888@hotmail.co.uk,3342670685,4 Vanessa Spring,North Lauraton,IM2 7DN,GB,12/08/1994,2023-04-14T16:45:00
C-7322408,Florian,Velden,florian.velden17@hotmail.co.uk,05114239066,Sepppad 31,Alde Leie,6770 AK,NL,07/04/1992,2024-09-07T12:01:00
C-1970612,Karl-Jürgen,Dörschner,karljürgen.dörschner497@web.de,922.470.7437,Domenico-Wiek-Straße 6-4,Perleberg,64508,DE,08/01/1983,2020-05-05T21:11:00
C-9718745,Marvin,Perez,marvin.perez548@proton.me,03220972655,78300 Joshua Well Suite 430,Lake Tyler,42641,US,09/10/1958,2022-05-23T14:37:00
C-4876824,Henry,Joyce,henry.joyce162@yahoo.com,403.278.9715,Studio 5 Louise Terrace,Robinsonburgh,SM8P 9QL,GB,12/11/1983,2025-06-26T21:51:00
C-5441547,Ingetraut,Dietz,ingetraut.dietz776@yahoo.com,497801442076,Reinhardtring 43/54,Soltau,61338,DE,31/05/1990,2020-01-03T10:23:00
C-1685105,Morris,Adriaense,morris.adriaense748@icloud.com,08019659147,Vigoring 342,Maasland,1344 DS,NL,04/06/1953,2021-03-09T12:08:00
C-7404160,Kyara,Ommeren,kyara.ommeren723@proton.me,911.678.5118,Michasingel 199,Kruiningen,7194 NC,NL,02/03/1972,2023-03-11T01:33:00
C-4248715,Julian,Johnson,julian.johnson659@web.de,(417) 150-4781,453 Read Glen,Barryfurt,M7A 7DU,GB,14/04/1988,2020-10-17T00:06:00
C-6230000,Marie,Vogt,marie.vogt630@yahoo.com,(919) 584-2081,Brigitte-Hentschel-Platz 30/66,Finsterwalde,26635,DE,09/12/1965,2020-09-09T21:57:00
C-5277230,Andrew,White,andrew.white629@yahoo.com,03058988632,357 Holmes Lake,Bradleymouth,B24 5JG,GB,19/08/1944,2024-04-27T12:21:00
C-5171093,Amy,Evans,amy.evans37@proton.me,(783) 548-2560,Flat 1 Howarth Square,West Wayne,G1E 0GE,GB,24/01/1985,2022-03-01T11:03:00
C-2793795,Candelario,Flor,candelario.flor135@gmail.com,05585827003,Pasaje de Rosa Llorens 62,Murcia,15014,ES,27/06/1975,2021-08-27T17:46:00
C-8176652,Ricky,Smith,ricky.smith386@web.de,443539172121,55 Norman Walk,North Brettmouth,N2 1LS,GB,17/12/1955,2021-08-27T06:10:00
C-3722501,Jason,Watkins,jason.watkins798@gmail.com,(628) 291-3063,Flat 85f Sheila Cove,Aaronton,IP0X 7XJ,GB,07/09/1942,2022-03-28T23:14:00
C-7628717,Elliott,King,elliott.king194@proton.me,9195321947,Studio 29f Bryant Way,North Timothymouth,SE5R 7GL,GB,29/04/1944,2020-12-20T07:13:00
C-2980577,Tijmen,Everde,tijmen.everde721@hotmail.co.uk,313148092386,Siembaan 8,Hengevelde,2599CX,NL,21/11/2004,2025-08-05T18:58:00
C-2772611,Samantha,Jones,samantha.jones583@icloud.com,(601) 630-4511,62365 Malik Harbor Suite 683,Andrewsview,01394,US,10/06/1958,2021-06-29T01:44:00
C-2187516,Andrea,Williamson,andrea.williamson982@icloud.com,09793073246,Flat 60M Ryan Drive,Port Phillipburgh,N4E 2YQ,GB,06/12/1957,2023-12-03T19:16:00
C-6458980,Sheila,Davies,sheila.davies173@icloud.com,742.104.2096,71 Charles Brooks,Griffithstown,E48 2BS,GB,17/12/1958,2020-04-25T22:44:00
C-5920473,Brett,Pena,brett.pena901@yahoo.com,19914913713,94883 Foster Valleys,South Bryanview,04325,US,23/07/1971,2021-06-17T21:15:00
C-9014535,Sarah,Cadefau,sarah.cadefau446@outlook.com,929.096.3524,Liamweg 780,Boesingheliede,7750YJ,NL,12/10/1999,2024-07-02T18:42:00
C-1376881,Francis,Williams,francis.williams521@gmail.com,320.741.5207,Studio 00P Davis Knoll,Taylorbury,LN0 6AA,GB,08/08/2000,2022-06-29T18:25:00
C-8899520,Janice,Swift,janice.swift703@proton.me,5547487363,026 Summers Ranch,Kayleighborough,E24 0RB,GB,09/06/1953,2020-11-19T05:40:00
C-6838580,Yassin,Vastraedsd,yassin.vastraedsd847@yahoo.com,06648900167,Youssefhof 37,Espel,7258 BX,NL,30/04/1967,2025-05-10T21:02:00
C-4106397,Hans-Joachim,Rogge,hansjoachim.rogge871@icloud.com,494364208347,Gunther-Bachmann-Ring 81,Ansbach,77471,DE,28/01/1999,2022-01-15T02:36:00
C-8425220,Silvia,Bruder,silvia.bruder646@outlook.com,(922) 556-6279,Heintzestraße 6/5,Miltenberg,34262,DE,21/11/1946,2021-09-07T13:46:00
C-4940326,Dustin,Howard,dustin.howard857@yahoo.com,910.270.5343,217 Ray Highway,Jasminefurt,68484,US,08/09/1984,2024-08-17T19:44:00
C-1622782,Jacob,Fisher,jacob.fisher818@hotmail.co.uk,(203) 264-6467,6 Lewis Cliff,New Graemeview,W4 4QQ,GB,05/06/1948,2023-05-01T20:28:00
C-8769605,Victoriano,Narváez,victoriano.narváez165@gmail.com,(443) 717-2363,Paseo Quirino Sanabria 21,Zaragoza,16757,ES,02/03/2003,2023-01-18T23:35:00
C-5182115,Dittmar,Mende,dittmar.mende573@icloud.com,494707432271,Wesackweg 9/4,Erbisdorf,61530,DE,09/12/1991,2024-01-12T17:33:00
C-7568517,Ryan,Phillips,ryan.phillips799@web.de,14277937902,39935 Daniels Summit,New Kyleville,19000,US,10/02/1978,2022-04-27T01:03:00
C-1599989,Norman,Jones,norman.jones208@outlook.com,3507364424,2 Frost Greens,New Pamelatown,L4C 6GZ,GB,11/08/1985,2021-02-16T01:53:00
C-6704776,Allison,Valentine,allison.valentine812@outlook.com,06222534183,014 Martinez Flats,Carsonberg,18386,US,11/06/1947,2023-08-25T14:29:00
C-8044524,Tyler,Laar,tyler.laar551@icloud.com,690.878.9360,Rikring 22,Markenbinnen,7851XF,NL,08/06/1962,2024-10-04T19:20:00
C-8229857,Kathryn,Thomas,kathryn.thomas643@web.de,(286) 160-5039,484 Hutchinson Loop,Lake Jasminestad,W67 9GF,GB,02/04/1996,2025-01-23T22:15:00
C-5901615,Kornelius,Wagenknecht,kornelius.wagenknecht365@icloud.com,(508) 609-0798,Roger-Schleich-Allee 9678,Saulgau,12975,DE,06/01/1988,2021-12-02T16:35:00
C-7283208,Julia,Adolph,julia.adolph213@yahoo.com,02219286524,Schottinallee 66,Plauen,24182,DE,07/07/1947,2023-11-25T15:26:00
C-7250803,Stephen,Steele,stephen.steele352@hotmail.co.uk,720.603.2864,024 Morris Bypass,New Tom,DD5M 9LL,GB,14/07/1973,2022-01-10T08:31:00
C-6120700,Arie,Beer,arie.beer658@hotmail.co.uk,8576499374,Lizzydreef 87,Sas van Gent,5708PJ,NL,17/11/1986,2022-01-20T01:20:00
C-8452284,Centa,Groth,centa.groth783@icloud.com,724.909.6157,Henryk-Butte-Gasse 1/9,Darmstadt,74956,DE,26/03/1944,2022-03-22T04:53:00
C-5728218,Sara,Rivera,sara.rivera559@web.de,13921218950,18044 Jennifer Street,Robertchester,76590,US,24/03/1953,2020-02-11T09:12:00
C-7601408,Ellie,Roberts,ellie.roberts923@gmail.com,446734753838,9 Roberts Manor,Robinsonton,SA3 1QX,GB,30/09/2001,2023-08-17T02:26:00
C-6460647,Marciano,Haro,marciano.haro867@icloud.com,345961315101,Cañada Wilfredo Enríquez 48 Puerta 3 ,Álava,24741,ES,09/06/1980,2021-01-22T11:38:00
C-9990372,Graham,Richards,graham.richards356@icloud.com,444764519943,Flat 34p Robinson Stravenue,East Emilyville,W29 9LY,GB,23/12/1967,2021-05-11T09:11:00
C-6828211,Robin,Evans,robin.evans988@outlook.com,5000610313,Flat 5 Jackson Drive,Debramouth,N4J 2ZZ,GB,03/03/1958,2020-12-01T09:21:00
C-6624055,Julie,Byrne,julie.byrne699@yahoo.com,237.123.3809,68 Edwards Prairie,Warnerborough,DD5 0DN,GB,03/11/1960,2020-11-20T16:58:00
C-9584759,Keano,Ridder,keano.ridder950@icloud.com,(924) 575-4630,Jesperdreef 50,Alphen aan den Rijn,7108 RF,NL,08/02/1937,2022-12-04T17:29:00
C-3011399,Stephanie,Holland,stephanie.holland627@web.de,05751766590,351 Oneill Trafficway,Perkinsfort,15370,US,28/03/1980,2022-03-08T01:24:00
C-1844680,Waldtraut,Rörricht,waldtraut.rörricht836@proton.me,7140017298,Valerie-van der Dussen-Ring 6/6,Göttingen,98937,DE,20/10/1970,2021-08-13T23:45:00
C-5919290,Brianna,Cunningham,brianna.cunningham311@outlook.com,04483857805,767 Reyes Place Apt. 924,Jameshaven,17599,US,13/01/1992,2022-05-12T15:59:00
C-9794742,Donald,Leon,donald.leon668@outlook.com,14525737954,37439 Lopez Ridges Suite 537,Port Stephanie,39415,US,09/06/1956,2023-10-12T07:08:00
C-5757558,Marion,Harper,marion.harper436@outlook.com,7648553451,Studio 5 Thomas Cove,East Richard,W8 0JQ,GB,10/01/1942,2025-02-03T10:57:00
C-3630704,Angie,Solis,angie.solis86@outlook.com,16829769750,470 Howell Burgs,Hernandezbury,67581,US,24/07/1953,2025-05-30T22:24:00
C-7484163,Isaías,Luque,isaías.luque769@hotmail.co.uk,348837321712,Glorieta Joaquina Romero 97,Barcelona,25243,ES,09/10/1960,2025-06-10T02:37:00
C-7621512,Suzanne,Cook,suzanne.cook616@yahoo.com,6339513180,82 Connor Mountains,Lake Howardport,E5B 8TY,GB,01/01/1996,2023-08-07T16:12:00
C-3129298,William,Dalton,william.dalton271@gmail.com,309.563.5659,0915 Cunningham Points Apt. 554,Maloneton,95928,US,29/08/1988,2020-11-29T11:38:00
C-5389832,Erica,Morales,erica.morales651@proton.me,3148473534,642 Amanda Cliffs Suite 177,West Kennethberg,26608,US,01/06/1999,2025-04-18T11:00:00
C-9871607,Marcus,Gill,marcus.gill65@yahoo.com,426.063.5889,Studio 53 Hurst Ramp,Thomsonside,N0W 2HA,GB,24/12/2003,2020-02-16T21:54:00
C-1783797,Janina,Hettner,janina.hettner90@yahoo.com,498737933282,Eimerstr. 91-73,Wittmund,76892,DE,10/11/1976,2023-01-20T22:52:00
C-4599596,James,Watkins,james.watkins120@gmail.com,09683132142,8903 Sellers Roads Suite 454,Yoderchester,77639,US,01/09/1957,2023-08-03T06:29:00
C-7524781,Orhan,Jungfer,orhan.jungfer980@hotmail.co.uk,4992667190,Mariechen-Schönland-Straße 1446,Uelzen,64550,DE,10/06/1998,2022-03-17T23:33:00
C-8586589,Sarah,Parker,sarah.parker600@icloud.com,4983534469,18537 Hamilton Key Suite 058,Hughestown,32918,US,26/11/1971,2025-05-24T08:36:00
C-7066847,Lindsey,Hunter,lindsey.hunter525@outlook.com,830.256.8419,Flat 70B Steven Landing,North Janefurt,TD3R 6ZT,GB,30/12/1949,2025-06-25T10:13:00
C-2304657,Yasmin,Bloemendaal,yasmin.bloemendaal989@yahoo.com,04652350033,Jaydensteeg 89,Hazerswoude-Rijndijk,2234CY,NL,08/08/2003,2022-07-14T10:44:00
C-4993737,Mohammad,Brookes,mohammad.brookes31@yahoo.com,03750501621,632 Mitchell Mountains,South Tom,L0K 9JJ,GB,25/05/1978,2025-07-06T19:52:00
C-3193046,Leigh,Kaur,leigh.kaur981@gmail.com,947.057.8541,544 Deborah Heights,East Francescachester,LE23 7ZR,GB,29/11/1995,2025-08-11T12:15:00
C-3174595,Henrike,Rosenow,henrike.rosenow31@web.de,8021305877,Agathe-Wohlgemut-Allee 1/1,Hünfeld,68089,DE,04/02/1962,2022-10-08T12:44:00
C-4217127,Natasha,Watson,natasha.watson193@gmail.com,(868) 895-3863,576 Terence Villages,Watkinsmouth,ML8V 0DF,GB,24/05/1968,2024-09-30T01:22:00
C-3611739,Lisa,Eberhardt,lisa.eberhardt161@hotmail.co.uk,496832969947,Hänelallee 8-6,Zerbst,68778,DE,23/09/1979,2022-11-22T12:55:00
C-5752607,Barbara,Robinson,barbara.robinson932@yahoo.com,(824) 902-6901,699 Lucas Rapids,Lake Louise,G7S 2WQ,GB,14/02/1948,2025-06-10T07:24:00
C-1300189,Alice,Howard,alice.howard421@hotmail.co.uk,445815877789,Studio 9 Sylvia Estate,Port Scottland,NE3 4AQ,GB,06/01/1968,2025-03-31T00:59:00
C-8350541,Toby,Jones,toby.jones756@hotmail.co.uk,532.893.7498,406 Amber Point,Port Alexanderburgh,RM36 4XN,GB,23/04/1997,2021-05-06T03:06:00
C-8937829,Barry,Scott,barry.scott870@icloud.com,9357411499,Flat 22o Wheeler Harbor,Hewittview,SR9 5FW,GB,01/10/1961,2023-08-19T21:48:00
C-9268839,Jennifer,Romero,jennifer.romero793@web.de,03339268367,97581 Kerr Lodge Suite 932,Port Carlosshire,49071,US,07/03/1943,2022-10-03T11:02:00
C-8580313,Derek,Thornton,derek.thornton157@hotmail.co.uk,13872455286,16681 Heather Fort Apt. 869,West Jennifershire,19961,US,06/11/1981,2023-03-14T00:44:00
